link_info,Message Name,Message Length,Simulation Time,Request Type,Request Handle,Class ID,Action ID,Attribute ID Count,Number of Aggregate Classes,Class ID,Action ID,Attribute ID Count,Attribute ID,Number of Aggregate Classes,Instance ID Count,Instance ID,Instance ID Count
0,3001,70,0,14000,1,18000,1,0,1,34000,2,1,34500,0,1,10005,1
0,3001,166,0,14000,1,18000,1,0,1,34000,2,1,34500,0,1,50001,4
0,3001,102,0,14000,1,18000,1,0,1,34000,2,1,34500,0,1,20001,2
0,3001,70,0,14000,1,18000,1,0,1,34000,2,1,34500,0,1,30001,1
0,3001,486,0,14000,1,18000,1,0,1,34000,2,1,34500,0,1,40001,14
0,3001,166,1,14000,1,18000,1,0,1,34000,2,1,34500,0,1,50001,4
0,3001,102,1,14000,1,18000,1,0,1,34000,2,1,34500,0,1,20001,2
0,3001,70,1,14000,1,18000,1,0,1,34000,2,1,34500,0,1,30001,1
0,3001,486,1,14000,1,18000,1,0,1,34000,2,1,34500,0,1,40001,14
0,3001,166,2,14000,1,18000,1,0,1,34000,2,1,34500,0,1,50001,4
0,3001,102,2,14000,1,18000,1,0,1,34000,2,1,34500,0,1,20001,2
0,3001,70,2,14000,1,18000,1,0,1,34000,2,1,34500,0,1,30001,1
0,3001,486,2,14000,1,18000,1,0,1,34000,2,1,34500,0,1,40001,14
0,3001,166,3,14000,1,18000,1,0,1,34000,2,1,34500,0,1,50001,4
0,3001,102,3,14000,1,18000,1,0,1,34000,2,1,34500,0,1,20001,2
0,3001,70,3,14000,1,18000,1,0,1,34000,2,1,34500,0,1,30001,1
0,3001,486,3,14000,1,18000,1,0,1,34000,2,1,34500,0,1,40001,14
0,3001,166,4,14000,1,18000,1,0,1,34000,2,1,34500,0,1,50001,4
0,3001,102,4,14000,1,18000,1,0,1,34000,2,1,34500,0,1,20001,2
0,3001,70,4,14000,1,18000,1,0,1,34000,2,1,34500,0,1,30001,1
0,3001,486,4,14000,1,18000,1,0,1,34000,2,1,34500,0,1,40001,14
0,3001,166,5,14000,1,18000,1,0,1,34000,2,1,34500,0,1,50001,4
0,3001,102,5,14000,1,18000,1,0,1,34000,2,1,34500,0,1,20001,2
0,3001,70,5,14000,1,18000,1,0,1,34000,2,1,34500,0,1,30001,1
0,3001,486,5,14000,1,18000,1,0,1,34000,2,1,34500,0,1,40001,14
0,3001,166,6,14000,1,18000,1,0,1,34000,2,1,34500,0,1,50001,4
0,3001,102,6,14000,1,18000,1,0,1,34000,2,1,34500,0,1,20001,2
0,3001,70,6,14000,1,18000,1,0,1,34000,2,1,34500,0,1,30001,1
0,3001,486,6,14000,1,18000,1,0,1,34000,2,1,34500,0,1,40001,14
0,3001,166,7,14000,1,18000,1,0,1,34000,2,1,34500,0,1,50001,4
0,3001,102,7,14000,1,18000,1,0,1,34000,2,1,34500,0,1,20001,2
0,3001,70,7,14000,1,18000,1,0,1,34000,2,1,34500,0,1,30001,1
0,3001,486,7,14000,1,18000,1,0,1,34000,2,1,34500,0,1,40001,14
0,3001,166,8,14000,1,18000,1,0,1,34000,2,1,34500,0,1,50001,4
0,3001,102,8,14000,1,18000,1,0,1,34000,2,1,34500,0,1,20001,2
0,3001,70,8,14000,1,18000,1,0,1,34000,2,1,34500,0,1,30001,1
0,3001,518,8,14000,1,18000,1,0,1,34000,2,1,34500,0,1,40001,15
0,3001,166,9,14000,1,18000,1,0,1,34000,2,1,34500,0,1,50001,4
0,3001,102,9,14000,1,18000,1,0,1,34000,2,1,34500,0,1,20001,2
0,3001,70,9,14000,1,18000,1,0,1,34000,2,1,34500,0,1,30001,1
0,3001,518,9,14000,1,18000,1,0,1,34000,2,1,34500,0,1,40001,15
0,3001,198,10,14000,1,18000,1,0,1,34000,2,1,34500,0,1,50001,5
0,3001,102,10,14000,1,18000,1,0,1,34000,2,1,34500,0,1,20001,2
0,3001,70,10,14000,1,18000,1,0,1,34000,2,1,34500,0,1,30001,1
0,3001,518,10,14000,1,18000,1,0,1,34000,2,1,34500,0,1,40001,15
0,3001,198,11,14000,1,18000,1,0,1,34000,2,1,34500,0,1,50001,5
0,3001,102,11,14000,1,18000,1,0,1,34000,2,1,34500,0,1,20001,2
0,3001,70,11,14000,1,18000,1,0,1,34000,2,1,34500,0,1,30001,1
0,3001,518,11,14000,1,18000,1,0,1,34000,2,1,34500,0,1,40001,15
0,3001,198,12,14000,1,18000,1,0,1,34000,2,1,34500,0,1,50001,5
0,3001,102,12,14000,1,18000,1,0,1,34000,2,1,34500,0,1,20001,2
0,3001,70,12,14000,1,18000,1,0,1,34000,2,1,34500,0,1,30001,1
0,3001,518,12,14000,1,18000,1,0,1,34000,2,1,34500,0,1,40001,15
0,3001,198,13,14000,1,18000,1,0,1,34000,2,1,34500,0,1,50001,5
0,3001,102,13,14000,1,18000,1,0,1,34000,2,1,34500,0,1,20001,2
0,3001,70,13,14000,1,18000,1,0,1,34000,2,1,34500,0,1,30001,1
0,3001,518,13,14000,1,18000,1,0,1,34000,2,1,34500,0,1,40001,15
0,3001,70,14,14000,1,18000,1,0,1,34000,2,1,34500,0,1,10003,1
0,3001,198,14,14000,1,18000,1,0,1,34000,2,1,34500,0,1,50001,5
0,3001,102,14,14000,1,18000,1,0,1,34000,2,1,34500,0,1,20001,2
0,3001,70,14,14000,1,18000,1,0,1,34000,2,1,34500,0,1,30001,1
0,3001,486,14,14000,1,18000,1,0,1,34000,2,1,34500,0,1,40001,14
0,3001,70,15,14000,1,18000,1,0,1,34000,2,1,34500,0,1,10003,1
0,3001,198,15,14000,1,18000,1,0,1,34000,2,1,34500,0,1,50001,5
0,3001,102,15,14000,1,18000,1,0,1,34000,2,1,34500,0,1,20001,2
0,3001,70,15,14000,1,18000,1,0,1,34000,2,1,34500,0,1,30001,1
0,3001,518,15,14000,1,18000,1,0,1,34000,2,1,34500,0,1,40001,15
0,3001,102,16,14000,1,18000,1,0,1,34000,2,1,34500,0,1,10003,2
0,3001,198,16,14000,1,18000,1,0,1,34000,2,1,34500,0,1,50001,5
0,3001,102,16,14000,1,18000,1,0,1,34000,2,1,34500,0,1,20001,2
0,3001,70,16,14000,1,18000,1,0,1,34000,2,1,34500,0,1,30001,1
0,3001,486,16,14000,1,18000,1,0,1,34000,2,1,34500,0,1,40001,14
0,3001,102,17,14000,1,18000,1,0,1,34000,2,1,34500,0,1,10003,2
0,3001,198,17,14000,1,18000,1,0,1,34000,2,1,34500,0,1,50001,5
0,3001,102,17,14000,1,18000,1,0,1,34000,2,1,34500,0,1,20001,2
0,3001,70,17,14000,1,18000,1,0,1,34000,2,1,34500,0,1,30001,1
0,3001,486,17,14000,1,18000,1,0,1,34000,2,1,34500,0,1,40001,14
0,3001,134,18,14000,1,18000,1,0,1,34000,2,1,34500,0,1,10003,3
0,3001,198,18,14000,1,18000,1,0,1,34000,2,1,34500,0,1,50001,5
0,3001,102,18,14000,1,18000,1,0,1,34000,2,1,34500,0,1,20001,2
0,3001,70,18,14000,1,18000,1,0,1,34000,2,1,34500,0,1,30001,1
0,3001,454,18,14000,1,18000,1,0,1,34000,2,1,34500,0,1,40001,13
0,3001,166,19,14000,1,18000,1,0,1,34000,2,1,34500,0,1,10003,4
0,3001,198,19,14000,1,18000,1,0,1,34000,2,1,34500,0,1,50001,5
0,3001,102,19,14000,1,18000,1,0,1,34000,2,1,34500,0,1,20001,2
0,3001,70,19,14000,1,18000,1,0,1,34000,2,1,34500,0,1,30001,1
0,3001,422,19,14000,1,18000,1,0,1,34000,2,1,34500,0,1,40001,12
0,3001,70,20,14000,1,18000,1,0,1,34000,2,1,34500,0,1,10005,1
0,3001,198,20,14000,1,18000,1,0,1,34000,2,1,34500,0,1,10003,5
0,3001,230,20,14000,1,18000,1,0,1,34000,2,1,34500,0,1,50001,6
0,3001,102,20,14000,1,18000,1,0,1,34000,2,1,34500,0,1,20001,2
0,3001,102,20,14000,1,18000,1,0,1,34000,2,1,34500,0,1,30001,2
0,3001,358,20,14000,1,18000,1,0,1,34000,2,1,34500,0,1,40001,10
0,3001,70,21,14000,1,18000,1,0,1,34000,2,1,34500,0,1,10005,1
0,3001,198,21,14000,1,18000,1,0,1,34000,2,1,34500,0,1,10003,5
0,3001,230,21,14000,1,18000,1,0,1,34000,2,1,34500,0,1,50001,6
0,3001,102,21,14000,1,18000,1,0,1,34000,2,1,34500,0,1,20001,2
0,3001,102,21,14000,1,18000,1,0,1,34000,2,1,34500,0,1,30001,2
0,3001,358,21,14000,1,18000,1,0,1,34000,2,1,34500,0,1,40001,10
0,3001,70,22,14000,1,18000,1,0,1,34000,2,1,34500,0,1,10005,1
0,3001,198,22,14000,1,18000,1,0,1,34000,2,1,34500,0,1,10003,5
0,3001,70,22,14000,1,18000,1,0,1,34000,2,1,34500,0,1,10004,1
0,3001,230,22,14000,1,18000,1,0,1,34000,2,1,34500,0,1,50001,6
0,3001,70,22,14000,1,18000,1,0,1,34000,2,1,34500,0,1,20001,1
0,3001,102,22,14000,1,18000,1,0,1,34000,2,1,34500,0,1,30001,2
0,3001,358,22,14000,1,18000,1,0,1,34000,2,1,34500,0,1,40001,10
0,3001,70,23,14000,1,18000,1,0,1,34000,2,1,34500,0,1,10005,1
0,3001,134,23,14000,1,18000,1,0,1,34000,2,1,34500,0,1,10003,3
0,3001,70,23,14000,1,18000,1,0,1,34000,2,1,34500,0,1,10004,1
0,3001,230,23,14000,1,18000,1,0,1,34000,2,1,34500,0,1,50001,6
0,3001,70,23,14000,1,18000,1,0,1,34000,2,1,34500,0,1,20001,1
0,3001,102,23,14000,1,18000,1,0,1,34000,2,1,34500,0,1,30001,2
0,3001,390,23,14000,1,18000,1,0,1,34000,2,1,34500,0,1,40001,11
0,3001,70,24,14000,1,18000,1,0,1,34000,2,1,34500,0,1,10005,1
0,3001,166,24,14000,1,18000,1,0,1,34000,2,1,34500,0,1,10003,4
0,3001,70,24,14000,1,18000,1,0,1,34000,2,1,34500,0,1,10004,1
0,3001,230,24,14000,1,18000,1,0,1,34000,2,1,34500,0,1,50001,6
0,3001,102,24,14000,1,18000,1,0,1,34000,2,1,34500,0,1,30001,2
0,3001,390,24,14000,1,18000,1,0,1,34000,2,1,34500,0,1,40001,11
0,3001,70,25,14000,1,18000,1,0,1,34000,2,1,34500,0,1,10005,1
0,3001,134,25,14000,1,18000,1,0,1,34000,2,1,34500,0,1,10003,3
0,3001,70,25,14000,1,18000,1,0,1,34000,2,1,34500,0,1,10004,1
0,3001,230,25,14000,1,18000,1,0,1,34000,2,1,34500,0,1,50001,6
0,3001,102,25,14000,1,18000,1,0,1,34000,2,1,34500,0,1,30001,2
0,3001,390,25,14000,1,18000,1,0,1,34000,2,1,34500,0,1,40001,11
0,3001,102,26,14000,1,18000,1,0,1,34000,2,1,34500,0,1,10005,2
0,3001,102,26,14000,1,18000,1,0,1,34000,2,1,34500,0,1,10003,2
0,3001,70,26,14000,1,18000,1,0,1,34000,2,1,34500,0,1,10002,1
0,3001,70,26,14000,1,18000,1,0,1,34000,2,1,34500,0,1,10004,1
0,3001,230,26,14000,1,18000,1,0,1,34000,2,1,34500,0,1,50001,6
0,3001,102,26,14000,1,18000,1,0,1,34000,2,1,34500,0,1,30001,2
0,3001,326,26,14000,1,18000,1,0,1,34000,2,1,34500,0,1,40001,9
0,3001,102,27,14000,1,18000,1,0,1,34000,2,1,34500,0,1,10005,2
0,3001,70,27,14000,1,18000,1,0,1,34000,2,1,34500,0,1,10003,1
0,3001,70,27,14000,1,18000,1,0,1,34000,2,1,34500,0,1,10002,1
0,3001,70,27,14000,1,18000,1,0,1,34000,2,1,34500,0,1,10004,1
0,3001,230,27,14000,1,18000,1,0,1,34000,2,1,34500,0,1,50001,6
0,3001,102,27,14000,1,18000,1,0,1,34000,2,1,34500,0,1,30001,2
0,3001,326,27,14000,1,18000,1,0,1,34000,2,1,34500,0,1,40001,9
0,3001,102,28,14000,1,18000,1,0,1,34000,2,1,34500,0,1,10005,2
0,3001,70,28,14000,1,18000,1,0,1,34000,2,1,34500,0,1,10003,1
0,3001,102,28,14000,1,18000,1,0,1,34000,2,1,34500,0,1,10002,2
0,3001,70,28,14000,1,18000,1,0,1,34000,2,1,34500,0,1,10004,1
0,3001,230,28,14000,1,18000,1,0,1,34000,2,1,34500,0,1,50001,6
0,3001,102,28,14000,1,18000,1,0,1,34000,2,1,34500,0,1,30001,2
0,3001,294,28,14000,1,18000,1,0,1,34000,2,1,34500,0,1,40001,8
0,3001,70,29,14000,1,18000,1,0,1,34000,2,1,34500,0,1,10005,1
0,3001,70,29,14000,1,18000,1,0,1,34000,2,1,34500,0,1,10003,1
0,3001,102,29,14000,1,18000,1,0,1,34000,2,1,34500,0,1,10002,2
0,3001,70,29,14000,1,18000,1,0,1,34000,2,1,34500,0,1,10004,1
0,3001,230,29,14000,1,18000,1,0,1,34000,2,1,34500,0,1,50001,6
0,3001,102,29,14000,1,18000,1,0,1,34000,2,1,34500,0,1,30001,2
0,3001,294,29,14000,1,18000,1,0,1,34000,2,1,34500,0,1,40001,8
0,3001,70,30,14000,1,18000,1,0,1,34000,2,1,34500,0,1,10005,1
0,3001,70,30,14000,1,18000,1,0,1,34000,2,1,34500,0,1,10003,1
0,3001,102,30,14000,1,18000,1,0,1,34000,2,1,34500,0,1,10002,2
0,3001,70,30,14000,1,18000,1,0,1,34000,2,1,34500,0,1,10004,1
0,3001,262,30,14000,1,18000,1,0,1,34000,2,1,34500,0,1,50001,7
0,3001,102,30,14000,1,18000,1,0,1,34000,2,1,34500,0,1,30001,2
0,3001,326,30,14000,1,18000,1,0,1,34000,2,1,34500,0,1,40001,9
0,3001,70,31,14000,1,18000,1,0,1,34000,2,1,34500,0,1,10005,1
0,3001,102,31,14000,1,18000,1,0,1,34000,2,1,34500,0,1,10002,2
0,3001,262,31,14000,1,18000,1,0,1,34000,2,1,34500,0,1,50001,7
0,3001,102,31,14000,1,18000,1,0,1,34000,2,1,34500,0,1,30001,2
0,3001,326,31,14000,1,18000,1,0,1,34000,2,1,34500,0,1,40001,9
0,3001,70,32,14000,1,18000,1,0,1,34000,2,1,34500,0,1,10005,1
0,3001,134,32,14000,1,18000,1,0,1,34000,2,1,34500,0,1,10002,3
0,3001,262,32,14000,1,18000,1,0,1,34000,2,1,34500,0,1,50001,7
0,3001,102,32,14000,1,18000,1,0,1,34000,2,1,34500,0,1,30001,2
0,3001,294,32,14000,1,18000,1,0,1,34000,2,1,34500,0,1,40001,8
0,3001,70,33,14000,1,18000,1,0,1,34000,2,1,34500,0,1,10005,1
0,3001,166,33,14000,1,18000,1,0,1,34000,2,1,34500,0,1,10002,4
0,3001,262,33,14000,1,18000,1,0,1,34000,2,1,34500,0,1,50001,7
0,3001,102,33,14000,1,18000,1,0,1,34000,2,1,34500,0,1,30001,2
0,3001,262,33,14000,1,18000,1,0,1,34000,2,1,34500,0,1,40001,7
0,3001,198,34,14000,1,18000,1,0,1,34000,2,1,34500,0,1,10002,5
0,3001,262,34,14000,1,18000,1,0,1,34000,2,1,34500,0,1,50001,7
0,3001,102,34,14000,1,18000,1,0,1,34000,2,1,34500,0,1,30001,2
0,3001,230,34,14000,1,18000,1,0,1,34000,2,1,34500,0,1,40001,6
0,3001,198,35,14000,1,18000,1,0,1,34000,2,1,34500,0,1,10002,5
0,3001,262,35,14000,1,18000,1,0,1,34000,2,1,34500,0,1,50001,7
0,3001,102,35,14000,1,18000,1,0,1,34000,2,1,34500,0,1,30001,2
0,3001,230,35,14000,1,18000,1,0,1,34000,2,1,34500,0,1,40001,6
0,3001,70,36,14000,1,18000,1,0,1,34000,2,1,34500,0,1,10005,1
0,3001,230,36,14000,1,18000,1,0,1,34000,2,1,34500,0,1,10002,6
0,3001,262,36,14000,1,18000,1,0,1,34000,2,1,34500,0,1,50001,7
0,3001,102,36,14000,1,18000,1,0,1,34000,2,1,34500,0,1,30001,2
0,3001,166,36,14000,1,18000,1,0,1,34000,2,1,34500,0,1,40001,4
0,3001,70,37,14000,1,18000,1,0,1,34000,2,1,34500,0,1,10005,1
0,3001,262,37,14000,1,18000,1,0,1,34000,2,1,34500,0,1,10002,7
0,3001,262,37,14000,1,18000,1,0,1,34000,2,1,34500,0,1,50001,7
0,3001,102,37,14000,1,18000,1,0,1,34000,2,1,34500,0,1,30001,2
0,3001,134,37,14000,1,18000,1,0,1,34000,2,1,34500,0,1,40001,3
0,3001,70,38,14000,1,18000,1,0,1,34000,2,1,34500,0,1,10005,1
0,3001,294,38,14000,1,18000,1,0,1,34000,2,1,34500,0,1,10002,8
0,3001,230,38,14000,1,18000,1,0,1,34000,2,1,34500,0,1,50001,6
0,3001,102,38,14000,1,18000,1,0,1,34000,2,1,34500,0,1,30001,2
0,3001,166,38,14000,1,18000,1,0,1,34000,2,1,34500,0,1,40001,4
0,3001,70,39,14000,1,18000,1,0,1,34000,2,1,34500,0,1,10005,1
0,3001,294,39,14000,1,18000,1,0,1,34000,2,1,34500,0,1,10002,8
0,3001,230,39,14000,1,18000,1,0,1,34000,2,1,34500,0,1,50001,6
0,3001,102,39,14000,1,18000,1,0,1,34000,2,1,34500,0,1,30001,2
0,3001,166,39,14000,1,18000,1,0,1,34000,2,1,34500,0,1,40001,4
0,3001,70,40,14000,1,18000,1,0,1,34000,2,1,34500,0,1,10005,1
0,3001,230,40,14000,1,18000,1,0,1,34000,2,1,34500,0,1,10002,6
0,3001,262,40,14000,1,18000,1,0,1,34000,2,1,34500,0,1,50001,7
0,3001,134,40,14000,1,18000,1,0,1,34000,2,1,34500,0,1,30001,3
0,3001,166,40,14000,1,18000,1,0,1,34000,2,1,34500,0,1,40001,4
0,3001,102,41,14000,1,18000,1,0,1,34000,2,1,34500,0,1,10005,2
0,3001,230,41,14000,1,18000,1,0,1,34000,2,1,34500,0,1,10002,6
0,3001,262,41,14000,1,18000,1,0,1,34000,2,1,34500,0,1,50001,7
0,3001,134,41,14000,1,18000,1,0,1,34000,2,1,34500,0,1,30001,3
0,3001,134,41,14000,1,18000,1,0,1,34000,2,1,34500,0,1,40001,3
0,3001,102,42,14000,1,18000,1,0,1,34000,2,1,34500,0,1,10005,2
0,3001,230,42,14000,1,18000,1,0,1,34000,2,1,34500,0,1,10002,6
0,3001,262,42,14000,1,18000,1,0,1,34000,2,1,34500,0,1,50001,7
0,3001,134,42,14000,1,18000,1,0,1,34000,2,1,34500,0,1,30001,3
0,3001,134,42,14000,1,18000,1,0,1,34000,2,1,34500,0,1,40001,3
0,3001,102,43,14000,1,18000,1,0,1,34000,2,1,34500,0,1,10005,2
0,3001,230,43,14000,1,18000,1,0,1,34000,2,1,34500,0,1,10002,6
0,3001,262,43,14000,1,18000,1,0,1,34000,2,1,34500,0,1,50001,7
0,3001,134,43,14000,1,18000,1,0,1,34000,2,1,34500,0,1,30001,3
0,3001,134,43,14000,1,18000,1,0,1,34000,2,1,34500,0,1,40001,3
0,3001,102,44,14000,1,18000,1,0,1,34000,2,1,34500,0,1,10005,2
0,3001,230,44,14000,1,18000,1,0,1,34000,2,1,34500,0,1,10002,6
0,3001,230,44,14000,1,18000,1,0,1,34000,2,1,34500,0,1,50001,6
0,3001,134,44,14000,1,18000,1,0,1,34000,2,1,34500,0,1,30001,3
0,3001,134,44,14000,1,18000,1,0,1,34000,2,1,34500,0,1,40001,3
0,3001,70,45,14000,1,18000,1,0,1,34000,2,1,34500,0,1,10005,1
0,3001,166,45,14000,1,18000,1,0,1,34000,2,1,34500,0,1,10002,4
0,3001,230,45,14000,1,18000,1,0,1,34000,2,1,34500,0,1,50001,6
0,3001,134,45,14000,1,18000,1,0,1,34000,2,1,34500,0,1,30001,3
0,3001,166,45,14000,1,18000,1,0,1,34000,2,1,34500,0,1,40001,4
0,3001,70,46,14000,1,18000,1,0,1,34000,2,1,34500,0,1,10005,1
0,3001,134,46,14000,1,18000,1,0,1,34000,2,1,34500,0,1,10002,3
0,3001,230,46,14000,1,18000,1,0,1,34000,2,1,34500,0,1,50001,6
0,3001,134,46,14000,1,18000,1,0,1,34000,2,1,34500,0,1,30001,3
0,3001,166,46,14000,1,18000,1,0,1,34000,2,1,34500,0,1,40001,4
0,3001,70,47,14000,1,18000,1,0,1,34000,2,1,34500,0,1,10005,1
0,3001,102,47,14000,1,18000,1,0,1,34000,2,1,34500,0,1,10002,2
0,3001,230,47,14000,1,18000,1,0,1,34000,2,1,34500,0,1,50001,6
0,3001,134,47,14000,1,18000,1,0,1,34000,2,1,34500,0,1,30001,3
0,3001,166,47,14000,1,18000,1,0,1,34000,2,1,34500,0,1,40001,4
0,3001,70,48,14000,1,18000,1,0,1,34000,2,1,34500,0,1,10002,1
0,3001,230,48,14000,1,18000,1,0,1,34000,2,1,34500,0,1,50001,6
0,3001,134,48,14000,1,18000,1,0,1,34000,2,1,34500,0,1,30001,3
0,3001,166,48,14000,1,18000,1,0,1,34000,2,1,34500,0,1,40001,4
0,3001,70,49,14000,1,18000,1,0,1,34000,2,1,34500,0,1,10002,1
0,3001,230,49,14000,1,18000,1,0,1,34000,2,1,34500,0,1,50001,6
0,3001,134,49,14000,1,18000,1,0,1,34000,2,1,34500,0,1,30001,3
0,3001,166,49,14000,1,18000,1,0,1,34000,2,1,34500,0,1,40001,4
0,3001,70,50,14000,1,18000,1,0,1,34000,2,1,34500,0,1,10002,1
0,3001,262,50,14000,1,18000,1,0,1,34000,2,1,34500,0,1,50001,7
0,3001,134,50,14000,1,18000,1,0,1,34000,2,1,34500,0,1,30001,3
0,3001,166,50,14000,1,18000,1,0,1,34000,2,1,34500,0,1,40001,4
0,3001,70,51,14000,1,18000,1,0,1,34000,2,1,34500,0,1,10002,1
0,3001,262,51,14000,1,18000,1,0,1,34000,2,1,34500,0,1,50001,7
0,3001,134,51,14000,1,18000,1,0,1,34000,2,1,34500,0,1,30001,3
0,3001,166,51,14000,1,18000,1,0,1,34000,2,1,34500,0,1,40001,4
0,3001,70,52,14000,1,18000,1,0,1,34000,2,1,34500,0,1,10002,1
0,3001,262,52,14000,1,18000,1,0,1,34000,2,1,34500,0,1,50001,7
0,3001,134,52,14000,1,18000,1,0,1,34000,2,1,34500,0,1,30001,3
0,3001,166,52,14000,1,18000,1,0,1,34000,2,1,34500,0,1,40001,4
0,3001,70,53,14000,1,18000,1,0,1,34000,2,1,34500,0,1,10002,1
0,3001,262,53,14000,1,18000,1,0,1,34000,2,1,34500,0,1,50001,7
0,3001,134,53,14000,1,18000,1,0,1,34000,2,1,34500,0,1,30001,3
0,3001,198,53,14000,1,18000,1,0,1,34000,2,1,34500,0,1,40001,5
0,3001,70,54,14000,1,18000,1,0,1,34000,2,1,34500,0,1,10002,1
0,3001,262,54,14000,1,18000,1,0,1,34000,2,1,34500,0,1,50001,7
0,3001,134,54,14000,1,18000,1,0,1,34000,2,1,34500,0,1,30001,3
0,3001,198,54,14000,1,18000,1,0,1,34000,2,1,34500,0,1,40001,5
0,3001,70,55,14000,1,18000,1,0,1,34000,2,1,34500,0,1,10002,1
0,3001,262,55,14000,1,18000,1,0,1,34000,2,1,34500,0,1,50001,7
0,3001,134,55,14000,1,18000,1,0,1,34000,2,1,34500,0,1,30001,3
0,3001,198,55,14000,1,18000,1,0,1,34000,2,1,34500,0,1,40001,5
0,3001,70,56,14000,1,18000,1,0,1,34000,2,1,34500,0,1,10005,1
0,3001,262,56,14000,1,18000,1,0,1,34000,2,1,34500,0,1,50001,7
0,3001,134,56,14000,1,18000,1,0,1,34000,2,1,34500,0,1,30001,3
0,3001,166,56,14000,1,18000,1,0,1,34000,2,1,34500,0,1,40001,4
0,3001,70,57,14000,1,18000,1,0,1,34000,2,1,34500,0,1,10005,1
0,3001,262,57,14000,1,18000,1,0,1,34000,2,1,34500,0,1,50001,7
0,3001,134,57,14000,1,18000,1,0,1,34000,2,1,34500,0,1,30001,3
0,3001,166,57,14000,1,18000,1,0,1,34000,2,1,34500,0,1,40001,4
0,3001,70,58,14000,1,18000,1,0,1,34000,2,1,34500,0,1,10005,1
0,3001,262,58,14000,1,18000,1,0,1,34000,2,1,34500,0,1,50001,7
0,3001,134,58,14000,1,18000,1,0,1,34000,2,1,34500,0,1,30001,3
0,3001,166,58,14000,1,18000,1,0,1,34000,2,1,34500,0,1,40001,4
0,3001,70,59,14000,1,18000,1,0,1,34000,2,1,34500,0,1,10005,1
0,3001,262,59,14000,1,18000,1,0,1,34000,2,1,34500,0,1,50001,7
0,3001,134,59,14000,1,18000,1,0,1,34000,2,1,34500,0,1,30001,3
0,3001,166,59,14000,1,18000,1,0,1,34000,2,1,34500,0,1,40001,4
0,3001,70,60,14000,1,18000,1,0,1,34000,2,1,34500,0,1,10005,1
0,3001,294,60,14000,1,18000,1,0,1,34000,2,1,34500,0,1,50001,8
0,3001,70,60,14000,1,18000,1,0,1,34000,2,1,34500,0,1,20001,1
0,3001,166,60,14000,1,18000,1,0,1,34000,2,1,34500,0,1,30001,4
0,3001,198,60,14000,1,18000,1,0,1,34000,2,1,34500,0,1,40001,5
0,3001,70,61,14000,1,18000,1,0,1,34000,2,1,34500,0,1,10005,1
0,3001,294,61,14000,1,18000,1,0,1,34000,2,1,34500,0,1,50001,8
0,3001,70,61,14000,1,18000,1,0,1,34000,2,1,34500,0,1,20001,1
0,3001,166,61,14000,1,18000,1,0,1,34000,2,1,34500,0,1,30001,4
0,3001,198,61,14000,1,18000,1,0,1,34000,2,1,34500,0,1,40001,5
0,3001,70,62,14000,1,18000,1,0,1,34000,2,1,34500,0,1,10005,1
0,3001,294,62,14000,1,18000,1,0,1,34000,2,1,34500,0,1,50001,8
0,3001,70,62,14000,1,18000,1,0,1,34000,2,1,34500,0,1,20001,1
0,3001,166,62,14000,1,18000,1,0,1,34000,2,1,34500,0,1,30001,4
0,3001,198,62,14000,1,18000,1,0,1,34000,2,1,34500,0,1,40001,5
0,3001,70,63,14000,1,18000,1,0,1,34000,2,1,34500,0,1,10005,1
0,3001,294,63,14000,1,18000,1,0,1,34000,2,1,34500,0,1,50001,8
0,3001,70,63,14000,1,18000,1,0,1,34000,2,1,34500,0,1,20001,1
0,3001,166,63,14000,1,18000,1,0,1,34000,2,1,34500,0,1,30001,4
0,3001,198,63,14000,1,18000,1,0,1,34000,2,1,34500,0,1,40001,5
0,3001,70,64,14000,1,18000,1,0,1,34000,2,1,34500,0,1,10005,1
0,3001,294,64,14000,1,18000,1,0,1,34000,2,1,34500,0,1,50001,8
0,3001,70,64,14000,1,18000,1,0,1,34000,2,1,34500,0,1,20001,1
0,3001,166,64,14000,1,18000,1,0,1,34000,2,1,34500,0,1,30001,4
0,3001,198,64,14000,1,18000,1,0,1,34000,2,1,34500,0,1,40001,5
0,3001,294,65,14000,1,18000,1,0,1,34000,2,1,34500,0,1,50001,8
0,3001,70,65,14000,1,18000,1,0,1,34000,2,1,34500,0,1,20001,1
0,3001,166,65,14000,1,18000,1,0,1,34000,2,1,34500,0,1,30001,4
0,3001,198,65,14000,1,18000,1,0,1,34000,2,1,34500,0,1,40001,5
0,3001,294,66,14000,1,18000,1,0,1,34000,2,1,34500,0,1,50001,8
0,3001,70,66,14000,1,18000,1,0,1,34000,2,1,34500,0,1,20001,1
0,3001,166,66,14000,1,18000,1,0,1,34000,2,1,34500,0,1,30001,4
0,3001,198,66,14000,1,18000,1,0,1,34000,2,1,34500,0,1,40001,5
0,3001,294,67,14000,1,18000,1,0,1,34000,2,1,34500,0,1,50001,8
0,3001,70,67,14000,1,18000,1,0,1,34000,2,1,34500,0,1,20001,1
0,3001,166,67,14000,1,18000,1,0,1,34000,2,1,34500,0,1,30001,4
0,3001,198,67,14000,1,18000,1,0,1,34000,2,1,34500,0,1,40001,5
0,3001,294,68,14000,1,18000,1,0,1,34000,2,1,34500,0,1,50001,8
0,3001,70,68,14000,1,18000,1,0,1,34000,2,1,34500,0,1,20001,1
0,3001,166,68,14000,1,18000,1,0,1,34000,2,1,34500,0,1,30001,4
0,3001,230,68,14000,1,18000,1,0,1,34000,2,1,34500,0,1,40001,6
0,3001,326,69,14000,1,18000,1,0,1,34000,2,1,34500,0,1,50001,9
0,3001,70,69,14000,1,18000,1,0,1,34000,2,1,34500,0,1,20001,1
0,3001,166,69,14000,1,18000,1,0,1,34000,2,1,34500,0,1,30001,4
0,3001,230,69,14000,1,18000,1,0,1,34000,2,1,34500,0,1,40001,6
0,3001,70,70,14000,1,18000,1,0,1,34000,2,1,34500,0,1,10004,1
0,3001,326,70,14000,1,18000,1,0,1,34000,2,1,34500,0,1,50001,9
0,3001,70,70,14000,1,18000,1,0,1,34000,2,1,34500,0,1,20001,1
0,3001,134,70,14000,1,18000,1,0,1,34000,2,1,34500,0,1,30001,3
0,3001,230,70,14000,1,18000,1,0,1,34000,2,1,34500,0,1,40001,6
0,3001,70,71,14000,1,18000,1,0,1,34000,2,1,34500,0,1,10005,1
0,3001,70,71,14000,1,18000,1,0,1,34000,2,1,34500,0,1,10004,1
0,3001,326,71,14000,1,18000,1,0,1,34000,2,1,34500,0,1,50001,9
0,3001,70,71,14000,1,18000,1,0,1,34000,2,1,34500,0,1,20001,1
0,3001,134,71,14000,1,18000,1,0,1,34000,2,1,34500,0,1,30001,3
0,3001,198,71,14000,1,18000,1,0,1,34000,2,1,34500,0,1,40001,5
0,3001,70,72,14000,1,18000,1,0,1,34000,2,1,34500,0,1,10005,1
0,3001,70,72,14000,1,18000,1,0,1,34000,2,1,34500,0,1,10004,1
0,3001,326,72,14000,1,18000,1,0,1,34000,2,1,34500,0,1,50001,9
0,3001,70,72,14000,1,18000,1,0,1,34000,2,1,34500,0,1,20001,1
0,3001,134,72,14000,1,18000,1,0,1,34000,2,1,34500,0,1,30001,3
0,3001,198,72,14000,1,18000,1,0,1,34000,2,1,34500,0,1,40001,5
0,3001,70,73,14000,1,18000,1,0,1,34000,2,1,34500,0,1,10005,1
0,3001,70,73,14000,1,18000,1,0,1,34000,2,1,34500,0,1,10003,1
0,3001,70,73,14000,1,18000,1,0,1,34000,2,1,34500,0,1,10004,1
0,3001,326,73,14000,1,18000,1,0,1,34000,2,1,34500,0,1,50001,9
0,3001,134,73,14000,1,18000,1,0,1,34000,2,1,34500,0,1,30001,3
0,3001,198,73,14000,1,18000,1,0,1,34000,2,1,34500,0,1,40001,5
0,3001,70,74,14000,1,18000,1,0,1,34000,2,1,34500,0,1,10005,1
0,3001,70,74,14000,1,18000,1,0,1,34000,2,1,34500,0,1,10003,1
0,3001,70,74,14000,1,18000,1,0,1,34000,2,1,34500,0,1,10004,1
0,3001,326,74,14000,1,18000,1,0,1,34000,2,1,34500,0,1,50001,9
0,3001,134,74,14000,1,18000,1,0,1,34000,2,1,34500,0,1,30001,3
0,3001,198,74,14000,1,18000,1,0,1,34000,2,1,34500,0,1,40001,5
0,3001,70,75,14000,1,18000,1,0,1,34000,2,1,34500,0,1,10005,1
0,3001,70,75,14000,1,18000,1,0,1,34000,2,1,34500,0,1,10003,1
0,3001,70,75,14000,1,18000,1,0,1,34000,2,1,34500,0,1,10004,1
0,3001,326,75,14000,1,18000,1,0,1,34000,2,1,34500,0,1,50001,9
0,3001,134,75,14000,1,18000,1,0,1,34000,2,1,34500,0,1,30001,3
0,3001,230,75,14000,1,18000,1,0,1,34000,2,1,34500,0,1,40001,6
0,3001,70,76,14000,1,18000,1,0,1,34000,2,1,34500,0,1,10005,1
0,3001,70,76,14000,1,18000,1,0,1,34000,2,1,34500,0,1,10003,1
0,3001,70,76,14000,1,18000,1,0,1,34000,2,1,34500,0,1,10002,1
0,3001,134,76,14000,1,18000,1,0,1,34000,2,1,34500,0,1,10004,3
0,3001,262,76,14000,1,18000,1,0,1,34000,2,1,34500,0,1,50001,7
0,3001,102,76,14000,1,18000,1,0,1,34000,2,1,34500,0,1,30001,2
0,3001,230,76,14000,1,18000,1,0,1,34000,2,1,34500,0,1,40001,6
0,3001,70,77,14000,1,18000,1,0,1,34000,2,1,34500,0,1,10005,1
0,3001,70,77,14000,1,18000,1,0,1,34000,2,1,34500,0,1,10003,1
0,3001,70,77,14000,1,18000,1,0,1,34000,2,1,34500,0,1,10002,1
0,3001,134,77,14000,1,18000,1,0,1,34000,2,1,34500,0,1,10004,3
0,3001,262,77,14000,1,18000,1,0,1,34000,2,1,34500,0,1,50001,7
0,3001,102,77,14000,1,18000,1,0,1,34000,2,1,34500,0,1,30001,2
0,3001,230,77,14000,1,18000,1,0,1,34000,2,1,34500,0,1,40001,6
0,3001,70,78,14000,1,18000,1,0,1,34000,2,1,34500,0,1,10005,1
0,3001,70,78,14000,1,18000,1,0,1,34000,2,1,34500,0,1,10003,1
0,3001,70,78,14000,1,18000,1,0,1,34000,2,1,34500,0,1,10002,1
0,3001,166,78,14000,1,18000,1,0,1,34000,2,1,34500,0,1,10004,4
0,3001,262,78,14000,1,18000,1,0,1,34000,2,1,34500,0,1,50001,7
0,3001,102,78,14000,1,18000,1,0,1,34000,2,1,34500,0,1,30001,2
0,3001,230,78,14000,1,18000,1,0,1,34000,2,1,34500,0,1,40001,6
0,3001,70,79,14000,1,18000,1,0,1,34000,2,1,34500,0,1,10005,1
0,3001,70,79,14000,1,18000,1,0,1,34000,2,1,34500,0,1,10003,1
0,3001,102,79,14000,1,18000,1,0,1,34000,2,1,34500,0,1,10002,2
0,3001,230,79,14000,1,18000,1,0,1,34000,2,1,34500,0,1,10004,6
0,3001,198,79,14000,1,18000,1,0,1,34000,2,1,34500,0,1,50001,5
0,3001,70,79,14000,1,18000,1,0,1,34000,2,1,34500,0,1,30001,1
0,3001,230,79,14000,1,18000,1,0,1,34000,2,1,34500,0,1,40001,6
0,3001,70,80,14000,1,18000,1,0,1,34000,2,1,34500,0,1,10005,1
0,3001,70,80,14000,1,18000,1,0,1,34000,2,1,34500,0,1,10003,1
0,3001,102,80,14000,1,18000,1,0,1,34000,2,1,34500,0,1,10002,2
0,3001,230,80,14000,1,18000,1,0,1,34000,2,1,34500,0,1,10004,6
0,3001,198,80,14000,1,18000,1,0,1,34000,2,1,34500,0,1,50001,5
0,3001,102,80,14000,1,18000,1,0,1,34000,2,1,34500,0,1,30001,2
0,3001,198,80,14000,1,18000,1,0,1,34000,2,1,34500,0,1,40001,5
0,3001,70,81,14000,1,18000,1,0,1,34000,2,1,34500,0,1,10005,1
0,3001,70,81,14000,1,18000,1,0,1,34000,2,1,34500,0,1,10003,1
0,3001,134,81,14000,1,18000,1,0,1,34000,2,1,34500,0,1,10002,3
0,3001,230,81,14000,1,18000,1,0,1,34000,2,1,34500,0,1,10004,6
0,3001,166,81,14000,1,18000,1,0,1,34000,2,1,34500,0,1,50001,4
0,3001,70,81,14000,1,18000,1,0,1,34000,2,1,34500,0,1,30001,1
0,3001,198,81,14000,1,18000,1,0,1,34000,2,1,34500,0,1,40001,5
0,3001,70,82,14000,1,18000,1,0,1,34000,2,1,34500,0,1,10005,1
0,3001,134,82,14000,1,18000,1,0,1,34000,2,1,34500,0,1,10002,3
0,3001,230,82,14000,1,18000,1,0,1,34000,2,1,34500,0,1,10004,6
0,3001,166,82,14000,1,18000,1,0,1,34000,2,1,34500,0,1,50001,4
0,3001,70,82,14000,1,18000,1,0,1,34000,2,1,34500,0,1,30001,1
0,3001,198,82,14000,1,18000,1,0,1,34000,2,1,34500,0,1,40001,5
0,3001,70,83,14000,1,18000,1,0,1,34000,2,1,34500,0,1,10005,1
0,3001,134,83,14000,1,18000,1,0,1,34000,2,1,34500,0,1,10002,3
0,3001,230,83,14000,1,18000,1,0,1,34000,2,1,34500,0,1,10004,6
0,3001,166,83,14000,1,18000,1,0,1,34000,2,1,34500,0,1,50001,4
0,3001,70,83,14000,1,18000,1,0,1,34000,2,1,34500,0,1,30001,1
0,3001,230,83,14000,1,18000,1,0,1,34000,2,1,34500,0,1,40001,6
0,3001,70,84,14000,1,18000,1,0,1,34000,2,1,34500,0,1,10005,1
0,3001,134,84,14000,1,18000,1,0,1,34000,2,1,34500,0,1,10002,3
0,3001,230,84,14000,1,18000,1,0,1,34000,2,1,34500,0,1,10004,6
0,3001,166,84,14000,1,18000,1,0,1,34000,2,1,34500,0,1,50001,4
0,3001,70,84,14000,1,18000,1,0,1,34000,2,1,34500,0,1,30001,1
0,3001,230,84,14000,1,18000,1,0,1,34000,2,1,34500,0,1,40001,6
0,3001,70,85,14000,1,18000,1,0,1,34000,2,1,34500,0,1,10005,1
0,3001,70,85,14000,1,18000,1,0,1,34000,2,1,34500,0,1,10003,1
0,3001,134,85,14000,1,18000,1,0,1,34000,2,1,34500,0,1,10002,3
0,3001,230,85,14000,1,18000,1,0,1,34000,2,1,34500,0,1,10004,6
0,3001,134,85,14000,1,18000,1,0,1,34000,2,1,34500,0,1,50001,3
0,3001,70,85,14000,1,18000,1,0,1,34000,2,1,34500,0,1,30001,1
0,3001,230,85,14000,1,18000,1,0,1,34000,2,1,34500,0,1,40001,6
0,3001,102,86,14000,1,18000,1,0,1,34000,2,1,34500,0,1,10005,2
0,3001,70,86,14000,1,18000,1,0,1,34000,2,1,34500,0,1,10003,1
0,3001,102,86,14000,1,18000,1,0,1,34000,2,1,34500,0,1,10002,2
0,3001,198,86,14000,1,18000,1,0,1,34000,2,1,34500,0,1,10004,5
0,3001,166,86,14000,1,18000,1,0,1,34000,2,1,34500,0,1,50001,4
0,3001,230,86,14000,1,18000,1,0,1,34000,2,1,34500,0,1,40001,6
0,3001,102,87,14000,1,18000,1,0,1,34000,2,1,34500,0,1,10005,2
0,3001,70,87,14000,1,18000,1,0,1,34000,2,1,34500,0,1,10003,1
0,3001,134,87,14000,1,18000,1,0,1,34000,2,1,34500,0,1,10002,3
0,3001,134,87,14000,1,18000,1,0,1,34000,2,1,34500,0,1,10004,3
0,3001,134,87,14000,1,18000,1,0,1,34000,2,1,34500,0,1,50001,3
0,3001,230,87,14000,1,18000,1,0,1,34000,2,1,34500,0,1,40001,6
0,3001,102,88,14000,1,18000,1,0,1,34000,2,1,34500,0,1,10005,2
0,3001,102,88,14000,1,18000,1,0,1,34000,2,1,34500,0,1,10003,2
0,3001,134,88,14000,1,18000,1,0,1,34000,2,1,34500,0,1,10002,3
0,3001,70,88,14000,1,18000,1,0,1,34000,2,1,34500,0,1,10004,1
0,3001,102,88,14000,1,18000,1,0,1,34000,2,1,34500,0,1,50001,2
0,3001,230,88,14000,1,18000,1,0,1,34000,2,1,34500,0,1,40001,6
0,3001,70,89,14000,1,18000,1,0,1,34000,2,1,34500,0,1,10005,1
0,3001,134,89,14000,1,18000,1,0,1,34000,2,1,34500,0,1,10003,3
0,3001,134,89,14000,1,18000,1,0,1,34000,2,1,34500,0,1,10002,3
0,3001,70,89,14000,1,18000,1,0,1,34000,2,1,34500,0,1,10004,1
0,3001,70,89,14000,1,18000,1,0,1,34000,2,1,34500,0,1,50001,1
0,3001,230,89,14000,1,18000,1,0,1,34000,2,1,34500,0,1,40001,6
0,3001,70,90,14000,1,18000,1,0,1,34000,2,1,34500,0,1,10005,1
0,3001,134,90,14000,1,18000,1,0,1,34000,2,1,34500,0,1,10003,3
0,3001,102,90,14000,1,18000,1,0,1,34000,2,1,34500,0,1,10002,2
0,3001,70,90,14000,1,18000,1,0,1,34000,2,1,34500,0,1,10004,1
0,3001,70,90,14000,1,18000,1,0,1,34000,2,1,34500,0,1,50001,1
0,3001,70,90,14000,1,18000,1,0,1,34000,2,1,34500,0,1,20001,1
0,3001,262,90,14000,1,18000,1,0,1,34000,2,1,34500,0,1,40001,7
0,3001,70,91,14000,1,18000,1,0,1,34000,2,1,34500,0,1,10005,1
0,3001,134,91,14000,1,18000,1,0,1,34000,2,1,34500,0,1,10003,3
0,3001,70,91,14000,1,18000,1,0,1,34000,2,1,34500,0,1,10002,1
0,3001,70,91,14000,1,18000,1,0,1,34000,2,1,34500,0,1,50001,1
0,3001,70,91,14000,1,18000,1,0,1,34000,2,1,34500,0,1,20001,1
0,3001,262,91,14000,1,18000,1,0,1,34000,2,1,34500,0,1,40001,7
0,3001,70,92,14000,1,18000,1,0,1,34000,2,1,34500,0,1,10005,1
0,3001,134,92,14000,1,18000,1,0,1,34000,2,1,34500,0,1,10003,3
0,3001,70,92,14000,1,18000,1,0,1,34000,2,1,34500,0,1,10002,1
0,3001,70,92,14000,1,18000,1,0,1,34000,2,1,34500,0,1,50001,1
0,3001,70,92,14000,1,18000,1,0,1,34000,2,1,34500,0,1,20001,1
0,3001,262,92,14000,1,18000,1,0,1,34000,2,1,34500,0,1,40001,7
0,3001,70,93,14000,1,18000,1,0,1,34000,2,1,34500,0,1,10005,1
0,3001,134,93,14000,1,18000,1,0,1,34000,2,1,34500,0,1,10003,3
0,3001,70,93,14000,1,18000,1,0,1,34000,2,1,34500,0,1,10002,1
0,3001,70,93,14000,1,18000,1,0,1,34000,2,1,34500,0,1,50001,1
0,3001,70,93,14000,1,18000,1,0,1,34000,2,1,34500,0,1,20001,1
0,3001,262,93,14000,1,18000,1,0,1,34000,2,1,34500,0,1,40001,7
0,3001,102,94,14000,1,18000,1,0,1,34000,2,1,34500,0,1,10003,2
0,3001,70,94,14000,1,18000,1,0,1,34000,2,1,34500,0,1,10002,1
0,3001,70,94,14000,1,18000,1,0,1,34000,2,1,34500,0,1,50001,1
0,3001,70,94,14000,1,18000,1,0,1,34000,2,1,34500,0,1,20001,1
0,3001,262,94,14000,1,18000,1,0,1,34000,2,1,34500,0,1,40001,7
0,3001,70,95,14000,1,18000,1,0,1,34000,2,1,34500,0,1,10003,1
0,3001,70,95,14000,1,18000,1,0,1,34000,2,1,34500,0,1,10002,1
0,3001,102,95,14000,1,18000,1,0,1,34000,2,1,34500,0,1,50001,2
0,3001,70,95,14000,1,18000,1,0,1,34000,2,1,34500,0,1,20001,1
0,3001,262,95,14000,1,18000,1,0,1,34000,2,1,34500,0,1,40001,7
0,3001,70,96,14000,1,18000,1,0,1,34000,2,1,34500,0,1,10002,1
0,3001,102,96,14000,1,18000,1,0,1,34000,2,1,34500,0,1,50001,2
0,3001,70,96,14000,1,18000,1,0,1,34000,2,1,34500,0,1,20001,1
0,3001,262,96,14000,1,18000,1,0,1,34000,2,1,34500,0,1,40001,7
0,3001,102,97,14000,1,18000,1,0,1,34000,2,1,34500,0,1,10002,2
0,3001,70,97,14000,1,18000,1,0,1,34000,2,1,34500,0,1,50001,1
0,3001,70,97,14000,1,18000,1,0,1,34000,2,1,34500,0,1,20001,1
0,3001,262,97,14000,1,18000,1,0,1,34000,2,1,34500,0,1,40001,7
0,3001,70,98,14000,1,18000,1,0,1,34000,2,1,34500,0,1,10002,1
0,3001,70,98,14000,1,18000,1,0,1,34000,2,1,34500,0,1,50001,1
0,3001,70,98,14000,1,18000,1,0,1,34000,2,1,34500,0,1,20001,1
0,3001,294,98,14000,1,18000,1,0,1,34000,2,1,34500,0,1,40001,8
0,3001,70,99,14000,1,18000,1,0,1,34000,2,1,34500,0,1,10002,1
0,3001,70,99,14000,1,18000,1,0,1,34000,2,1,34500,0,1,50001,1
0,3001,70,99,14000,1,18000,1,0,1,34000,2,1,34500,0,1,20001,1
0,3001,294,99,14000,1,18000,1,0,1,34000,2,1,34500,0,1,40001,8
0,3001,70,100,14000,1,18000,1,0,1,34000,2,1,34500,0,1,10002,1
0,3001,70,100,14000,1,18000,1,0,1,34000,2,1,34500,0,1,50001,1
0,3001,70,100,14000,1,18000,1,0,1,34000,2,1,34500,0,1,20001,1
0,3001,70,100,14000,1,18000,1,0,1,34000,2,1,34500,0,1,30001,1
0,3001,294,100,14000,1,18000,1,0,1,34000,2,1,34500,0,1,40001,8
0,3001,70,101,14000,1,18000,1,0,1,34000,2,1,34500,0,1,10002,1
0,3001,70,101,14000,1,18000,1,0,1,34000,2,1,34500,0,1,50001,1
0,3001,70,101,14000,1,18000,1,0,1,34000,2,1,34500,0,1,20001,1
0,3001,70,101,14000,1,18000,1,0,1,34000,2,1,34500,0,1,30001,1
0,3001,294,101,14000,1,18000,1,0,1,34000,2,1,34500,0,1,40001,8
0,3001,70,102,14000,1,18000,1,0,1,34000,2,1,34500,0,1,10003,1
0,3001,70,102,14000,1,18000,1,0,1,34000,2,1,34500,0,1,10002,1
0,3001,70,102,14000,1,18000,1,0,1,34000,2,1,34500,0,1,50001,1
0,3001,70,102,14000,1,18000,1,0,1,34000,2,1,34500,0,1,30001,1
0,3001,294,102,14000,1,18000,1,0,1,34000,2,1,34500,0,1,40001,8
0,3001,70,103,14000,1,18000,1,0,1,34000,2,1,34500,0,1,10003,1
0,3001,70,103,14000,1,18000,1,0,1,34000,2,1,34500,0,1,10002,1
0,3001,102,103,14000,1,18000,1,0,1,34000,2,1,34500,0,1,50001,2
0,3001,70,103,14000,1,18000,1,0,1,34000,2,1,34500,0,1,30001,1
0,3001,294,103,14000,1,18000,1,0,1,34000,2,1,34500,0,1,40001,8
0,3001,70,104,14000,1,18000,1,0,1,34000,2,1,34500,0,1,10003,1
0,3001,70,104,14000,1,18000,1,0,1,34000,2,1,34500,0,1,10002,1
0,3001,102,104,14000,1,18000,1,0,1,34000,2,1,34500,0,1,50001,2
0,3001,70,104,14000,1,18000,1,0,1,34000,2,1,34500,0,1,30001,1
0,3001,294,104,14000,1,18000,1,0,1,34000,2,1,34500,0,1,40001,8
0,3001,70,105,14000,1,18000,1,0,1,34000,2,1,34500,0,1,10003,1
0,3001,102,105,14000,1,18000,1,0,1,34000,2,1,34500,0,1,50001,2
0,3001,70,105,14000,1,18000,1,0,1,34000,2,1,34500,0,1,30001,1
0,3001,326,105,14000,1,18000,1,0,1,34000,2,1,34500,0,1,40001,9
0,3001,70,106,14000,1,18000,1,0,1,34000,2,1,34500,0,1,10003,1
0,3001,102,106,14000,1,18000,1,0,1,34000,2,1,34500,0,1,50001,2
0,3001,70,106,14000,1,18000,1,0,1,34000,2,1,34500,0,1,30001,1
0,3001,326,106,14000,1,18000,1,0,1,34000,2,1,34500,0,1,40001,9
0,3001,70,107,14000,1,18000,1,0,1,34000,2,1,34500,0,1,10003,1
0,3001,102,107,14000,1,18000,1,0,1,34000,2,1,34500,0,1,50001,2
0,3001,70,107,14000,1,18000,1,0,1,34000,2,1,34500,0,1,30001,1
0,3001,326,107,14000,1,18000,1,0,1,34000,2,1,34500,0,1,40001,9
0,3001,70,108,14000,1,18000,1,0,1,34000,2,1,34500,0,1,10003,1
0,3001,102,108,14000,1,18000,1,0,1,34000,2,1,34500,0,1,50001,2
0,3001,70,108,14000,1,18000,1,0,1,34000,2,1,34500,0,1,30001,1
0,3001,326,108,14000,1,18000,1,0,1,34000,2,1,34500,0,1,40001,9
0,3001,70,109,14000,1,18000,1,0,1,34000,2,1,34500,0,1,10003,1
0,3001,102,109,14000,1,18000,1,0,1,34000,2,1,34500,0,1,50001,2
0,3001,70,109,14000,1,18000,1,0,1,34000,2,1,34500,0,1,30001,1
0,3001,326,109,14000,1,18000,1,0,1,34000,2,1,34500,0,1,40001,9
0,3001,70,110,14000,1,18000,1,0,1,34000,2,1,34500,0,1,10005,1
0,3001,102,110,14000,1,18000,1,0,1,34000,2,1,34500,0,1,50001,2
0,3001,70,110,14000,1,18000,1,0,1,34000,2,1,34500,0,1,30001,1
0,3001,294,110,14000,1,18000,1,0,1,34000,2,1,34500,0,1,40001,8
0,3001,70,111,14000,1,18000,1,0,1,34000,2,1,34500,0,1,10005,1
0,3001,102,111,14000,1,18000,1,0,1,34000,2,1,34500,0,1,50001,2
0,3001,70,111,14000,1,18000,1,0,1,34000,2,1,34500,0,1,30001,1
0,3001,294,111,14000,1,18000,1,0,1,34000,2,1,34500,0,1,40001,8
0,3001,70,112,14000,1,18000,1,0,1,34000,2,1,34500,0,1,10005,1
0,3001,134,112,14000,1,18000,1,0,1,34000,2,1,34500,0,1,50001,3
0,3001,70,112,14000,1,18000,1,0,1,34000,2,1,34500,0,1,30001,1
0,3001,294,112,14000,1,18000,1,0,1,34000,2,1,34500,0,1,40001,8
0,3001,70,113,14000,1,18000,1,0,1,34000,2,1,34500,0,1,10005,1
0,3001,134,113,14000,1,18000,1,0,1,34000,2,1,34500,0,1,50001,3
0,3001,70,113,14000,1,18000,1,0,1,34000,2,1,34500,0,1,30001,1
0,3001,326,113,14000,1,18000,1,0,1,34000,2,1,34500,0,1,40001,9
0,3001,70,114,14000,1,18000,1,0,1,34000,2,1,34500,0,1,10005,1
0,3001,134,114,14000,1,18000,1,0,1,34000,2,1,34500,0,1,50001,3
0,3001,70,114,14000,1,18000,1,0,1,34000,2,1,34500,0,1,30001,1
0,3001,326,114,14000,1,18000,1,0,1,34000,2,1,34500,0,1,40001,9
0,3001,70,115,14000,1,18000,1,0,1,34000,2,1,34500,0,1,10005,1
0,3001,134,115,14000,1,18000,1,0,1,34000,2,1,34500,0,1,50001,3
0,3001,70,115,14000,1,18000,1,0,1,34000,2,1,34500,0,1,30001,1
0,3001,326,115,14000,1,18000,1,0,1,34000,2,1,34500,0,1,40001,9
0,3001,70,116,14000,1,18000,1,0,1,34000,2,1,34500,0,1,10005,1
0,3001,134,116,14000,1,18000,1,0,1,34000,2,1,34500,0,1,50001,3
0,3001,70,116,14000,1,18000,1,0,1,34000,2,1,34500,0,1,30001,1
0,3001,326,116,14000,1,18000,1,0,1,34000,2,1,34500,0,1,40001,9
0,3001,70,117,14000,1,18000,1,0,1,34000,2,1,34500,0,1,10005,1
0,3001,134,117,14000,1,18000,1,0,1,34000,2,1,34500,0,1,50001,3
0,3001,70,117,14000,1,18000,1,0,1,34000,2,1,34500,0,1,30001,1
0,3001,326,117,14000,1,18000,1,0,1,34000,2,1,34500,0,1,40001,9
0,3001,70,118,14000,1,18000,1,0,1,34000,2,1,34500,0,1,10005,1
0,3001,134,118,14000,1,18000,1,0,1,34000,2,1,34500,0,1,50001,3
0,3001,70,118,14000,1,18000,1,0,1,34000,2,1,34500,0,1,30001,1
0,3001,326,118,14000,1,18000,1,0,1,34000,2,1,34500,0,1,40001,9
0,3001,70,119,14000,1,18000,1,0,1,34000,2,1,34500,0,1,10005,1
0,3001,134,119,14000,1,18000,1,0,1,34000,2,1,34500,0,1,50001,3
0,3001,70,119,14000,1,18000,1,0,1,34000,2,1,34500,0,1,30001,1
0,3001,326,119,14000,1,18000,1,0,1,34000,2,1,34500,0,1,40001,9
0,3001,166,120,14000,1,18000,1,0,1,34000,2,1,34500,0,1,50001,4
0,3001,70,120,14000,1,18000,1,0,1,34000,2,1,34500,0,1,20001,1
0,3001,102,120,14000,1,18000,1,0,1,34000,2,1,34500,0,1,30001,2
0,3001,358,120,14000,1,18000,1,0,1,34000,2,1,34500,0,1,40001,10
0,3001,166,121,14000,1,18000,1,0,1,34000,2,1,34500,0,1,50001,4
0,3001,70,121,14000,1,18000,1,0,1,34000,2,1,34500,0,1,20001,1
0,3001,102,121,14000,1,18000,1,0,1,34000,2,1,34500,0,1,30001,2
0,3001,358,121,14000,1,18000,1,0,1,34000,2,1,34500,0,1,40001,10
0,3001,166,122,14000,1,18000,1,0,1,34000,2,1,34500,0,1,50001,4
0,3001,70,122,14000,1,18000,1,0,1,34000,2,1,34500,0,1,20001,1
0,3001,102,122,14000,1,18000,1,0,1,34000,2,1,34500,0,1,30001,2
0,3001,358,122,14000,1,18000,1,0,1,34000,2,1,34500,0,1,40001,10
0,3001,166,123,14000,1,18000,1,0,1,34000,2,1,34500,0,1,50001,4
0,3001,70,123,14000,1,18000,1,0,1,34000,2,1,34500,0,1,20001,1
0,3001,102,123,14000,1,18000,1,0,1,34000,2,1,34500,0,1,30001,2
0,3001,358,123,14000,1,18000,1,0,1,34000,2,1,34500,0,1,40001,10
0,3001,166,124,14000,1,18000,1,0,1,34000,2,1,34500,0,1,50001,4
0,3001,70,124,14000,1,18000,1,0,1,34000,2,1,34500,0,1,20001,1
0,3001,102,124,14000,1,18000,1,0,1,34000,2,1,34500,0,1,30001,2
0,3001,358,124,14000,1,18000,1,0,1,34000,2,1,34500,0,1,40001,10
0,3001,166,125,14000,1,18000,1,0,1,34000,2,1,34500,0,1,50001,4
0,3001,70,125,14000,1,18000,1,0,1,34000,2,1,34500,0,1,20001,1
0,3001,102,125,14000,1,18000,1,0,1,34000,2,1,34500,0,1,30001,2
0,3001,358,125,14000,1,18000,1,0,1,34000,2,1,34500,0,1,40001,10
0,3001,166,126,14000,1,18000,1,0,1,34000,2,1,34500,0,1,50001,4
0,3001,70,126,14000,1,18000,1,0,1,34000,2,1,34500,0,1,20001,1
0,3001,102,126,14000,1,18000,1,0,1,34000,2,1,34500,0,1,30001,2
0,3001,358,126,14000,1,18000,1,0,1,34000,2,1,34500,0,1,40001,10
0,3001,166,127,14000,1,18000,1,0,1,34000,2,1,34500,0,1,50001,4
0,3001,70,127,14000,1,18000,1,0,1,34000,2,1,34500,0,1,20001,1
0,3001,102,127,14000,1,18000,1,0,1,34000,2,1,34500,0,1,30001,2
0,3001,358,127,14000,1,18000,1,0,1,34000,2,1,34500,0,1,40001,10
0,3001,166,128,14000,1,18000,1,0,1,34000,2,1,34500,0,1,50001,4
0,3001,70,128,14000,1,18000,1,0,1,34000,2,1,34500,0,1,20001,1
0,3001,102,128,14000,1,18000,1,0,1,34000,2,1,34500,0,1,30001,2
0,3001,390,128,14000,1,18000,1,0,1,34000,2,1,34500,0,1,40001,11
0,3001,166,129,14000,1,18000,1,0,1,34000,2,1,34500,0,1,50001,4
0,3001,70,129,14000,1,18000,1,0,1,34000,2,1,34500,0,1,20001,1
0,3001,102,129,14000,1,18000,1,0,1,34000,2,1,34500,0,1,30001,2
0,3001,390,129,14000,1,18000,1,0,1,34000,2,1,34500,0,1,40001,11
0,3001,198,130,14000,1,18000,1,0,1,34000,2,1,34500,0,1,50001,5
0,3001,70,130,14000,1,18000,1,0,1,34000,2,1,34500,0,1,20001,1
0,3001,102,130,14000,1,18000,1,0,1,34000,2,1,34500,0,1,30001,2
0,3001,390,130,14000,1,18000,1,0,1,34000,2,1,34500,0,1,40001,11
0,3001,198,131,14000,1,18000,1,0,1,34000,2,1,34500,0,1,50001,5
0,3001,70,131,14000,1,18000,1,0,1,34000,2,1,34500,0,1,20001,1
0,3001,102,131,14000,1,18000,1,0,1,34000,2,1,34500,0,1,30001,2
0,3001,390,131,14000,1,18000,1,0,1,34000,2,1,34500,0,1,40001,11
0,3001,198,132,14000,1,18000,1,0,1,34000,2,1,34500,0,1,50001,5
0,3001,70,132,14000,1,18000,1,0,1,34000,2,1,34500,0,1,20001,1
0,3001,102,132,14000,1,18000,1,0,1,34000,2,1,34500,0,1,30001,2
0,3001,390,132,14000,1,18000,1,0,1,34000,2,1,34500,0,1,40001,11
0,3001,198,133,14000,1,18000,1,0,1,34000,2,1,34500,0,1,50001,5
0,3001,70,133,14000,1,18000,1,0,1,34000,2,1,34500,0,1,20001,1
0,3001,102,133,14000,1,18000,1,0,1,34000,2,1,34500,0,1,30001,2
0,3001,390,133,14000,1,18000,1,0,1,34000,2,1,34500,0,1,40001,11
0,3001,198,134,14000,1,18000,1,0,1,34000,2,1,34500,0,1,50001,5
0,3001,70,134,14000,1,18000,1,0,1,34000,2,1,34500,0,1,20001,1
0,3001,102,134,14000,1,18000,1,0,1,34000,2,1,34500,0,1,30001,2
0,3001,390,134,14000,1,18000,1,0,1,34000,2,1,34500,0,1,40001,11
0,3001,198,135,14000,1,18000,1,0,1,34000,2,1,34500,0,1,50001,5
0,3001,70,135,14000,1,18000,1,0,1,34000,2,1,34500,0,1,20001,1
0,3001,102,135,14000,1,18000,1,0,1,34000,2,1,34500,0,1,30001,2
0,3001,422,135,14000,1,18000,1,0,1,34000,2,1,34500,0,1,40001,12
0,3001,198,136,14000,1,18000,1,0,1,34000,2,1,34500,0,1,50001,5
0,3001,70,136,14000,1,18000,1,0,1,34000,2,1,34500,0,1,20001,1
0,3001,102,136,14000,1,18000,1,0,1,34000,2,1,34500,0,1,30001,2
0,3001,422,136,14000,1,18000,1,0,1,34000,2,1,34500,0,1,40001,12
0,3001,198,137,14000,1,18000,1,0,1,34000,2,1,34500,0,1,50001,5
0,3001,70,137,14000,1,18000,1,0,1,34000,2,1,34500,0,1,20001,1
0,3001,102,137,14000,1,18000,1,0,1,34000,2,1,34500,0,1,30001,2
0,3001,422,137,14000,1,18000,1,0,1,34000,2,1,34500,0,1,40001,12
0,3001,198,138,14000,1,18000,1,0,1,34000,2,1,34500,0,1,50001,5
0,3001,70,138,14000,1,18000,1,0,1,34000,2,1,34500,0,1,20001,1
0,3001,102,138,14000,1,18000,1,0,1,34000,2,1,34500,0,1,30001,2
0,3001,422,138,14000,1,18000,1,0,1,34000,2,1,34500,0,1,40001,12
0,3001,70,139,14000,1,18000,1,0,1,34000,2,1,34500,0,1,10003,1
0,3001,198,139,14000,1,18000,1,0,1,34000,2,1,34500,0,1,50001,5
0,3001,70,139,14000,1,18000,1,0,1,34000,2,1,34500,0,1,20001,1
0,3001,102,139,14000,1,18000,1,0,1,34000,2,1,34500,0,1,30001,2
0,3001,390,139,14000,1,18000,1,0,1,34000,2,1,34500,0,1,40001,11
0,3001,70,140,14000,1,18000,1,0,1,34000,2,1,34500,0,1,10003,1
0,3001,230,140,14000,1,18000,1,0,1,34000,2,1,34500,0,1,50001,6
0,3001,70,140,14000,1,18000,1,0,1,34000,2,1,34500,0,1,20001,1
0,3001,134,140,14000,1,18000,1,0,1,34000,2,1,34500,0,1,30001,3
0,3001,390,140,14000,1,18000,1,0,1,34000,2,1,34500,0,1,40001,11
0,3001,102,141,14000,1,18000,1,0,1,34000,2,1,34500,0,1,10003,2
0,3001,230,141,14000,1,18000,1,0,1,34000,2,1,34500,0,1,50001,6
0,3001,70,141,14000,1,18000,1,0,1,34000,2,1,34500,0,1,20001,1
0,3001,134,141,14000,1,18000,1,0,1,34000,2,1,34500,0,1,30001,3
0,3001,358,141,14000,1,18000,1,0,1,34000,2,1,34500,0,1,40001,10
0,3001,102,142,14000,1,18000,1,0,1,34000,2,1,34500,0,1,10003,2
0,3001,230,142,14000,1,18000,1,0,1,34000,2,1,34500,0,1,50001,6
0,3001,70,142,14000,1,18000,1,0,1,34000,2,1,34500,0,1,20001,1
0,3001,134,142,14000,1,18000,1,0,1,34000,2,1,34500,0,1,30001,3
0,3001,358,142,14000,1,18000,1,0,1,34000,2,1,34500,0,1,40001,10
0,3001,134,143,14000,1,18000,1,0,1,34000,2,1,34500,0,1,10003,3
0,3001,230,143,14000,1,18000,1,0,1,34000,2,1,34500,0,1,50001,6
0,3001,70,143,14000,1,18000,1,0,1,34000,2,1,34500,0,1,20001,1
0,3001,134,143,14000,1,18000,1,0,1,34000,2,1,34500,0,1,30001,3
0,3001,358,143,14000,1,18000,1,0,1,34000,2,1,34500,0,1,40001,10
0,3001,166,144,14000,1,18000,1,0,1,34000,2,1,34500,0,1,10003,4
0,3001,230,144,14000,1,18000,1,0,1,34000,2,1,34500,0,1,50001,6
0,3001,70,144,14000,1,18000,1,0,1,34000,2,1,34500,0,1,20001,1
0,3001,134,144,14000,1,18000,1,0,1,34000,2,1,34500,0,1,30001,3
0,3001,326,144,14000,1,18000,1,0,1,34000,2,1,34500,0,1,40001,9
0,3001,166,145,14000,1,18000,1,0,1,34000,2,1,34500,0,1,10003,4
0,3001,230,145,14000,1,18000,1,0,1,34000,2,1,34500,0,1,50001,6
0,3001,70,145,14000,1,18000,1,0,1,34000,2,1,34500,0,1,20001,1
0,3001,134,145,14000,1,18000,1,0,1,34000,2,1,34500,0,1,30001,3
0,3001,326,145,14000,1,18000,1,0,1,34000,2,1,34500,0,1,40001,9
0,3001,166,146,14000,1,18000,1,0,1,34000,2,1,34500,0,1,10003,4
0,3001,230,146,14000,1,18000,1,0,1,34000,2,1,34500,0,1,50001,6
0,3001,70,146,14000,1,18000,1,0,1,34000,2,1,34500,0,1,20001,1
0,3001,134,146,14000,1,18000,1,0,1,34000,2,1,34500,0,1,30001,3
0,3001,326,146,14000,1,18000,1,0,1,34000,2,1,34500,0,1,40001,9
0,3001,70,147,14000,1,18000,1,0,1,34000,2,1,34500,0,1,10005,1
0,3001,166,147,14000,1,18000,1,0,1,34000,2,1,34500,0,1,10003,4
0,3001,230,147,14000,1,18000,1,0,1,34000,2,1,34500,0,1,50001,6
0,3001,70,147,14000,1,18000,1,0,1,34000,2,1,34500,0,1,20001,1
0,3001,134,147,14000,1,18000,1,0,1,34000,2,1,34500,0,1,30001,3
0,3001,262,147,14000,1,18000,1,0,1,34000,2,1,34500,0,1,40001,7
0,3001,70,148,14000,1,18000,1,0,1,34000,2,1,34500,0,1,10005,1
0,3001,166,148,14000,1,18000,1,0,1,34000,2,1,34500,0,1,10003,4
0,3001,230,148,14000,1,18000,1,0,1,34000,2,1,34500,0,1,50001,6
0,3001,70,148,14000,1,18000,1,0,1,34000,2,1,34500,0,1,20001,1
0,3001,134,148,14000,1,18000,1,0,1,34000,2,1,34500,0,1,30001,3
0,3001,230,148,14000,1,18000,1,0,1,34000,2,1,34500,0,1,40001,6
0,3001,70,149,14000,1,18000,1,0,1,34000,2,1,34500,0,1,10005,1
0,3001,166,149,14000,1,18000,1,0,1,34000,2,1,34500,0,1,10003,4
0,3001,70,149,14000,1,18000,1,0,1,34000,2,1,34500,0,1,10002,1
0,3001,230,149,14000,1,18000,1,0,1,34000,2,1,34500,0,1,50001,6
0,3001,70,149,14000,1,18000,1,0,1,34000,2,1,34500,0,1,20001,1
0,3001,134,149,14000,1,18000,1,0,1,34000,2,1,34500,0,1,30001,3
0,3001,198,149,14000,1,18000,1,0,1,34000,2,1,34500,0,1,40001,5
0,3001,70,150,14000,1,18000,1,0,1,34000,2,1,34500,0,1,10005,1
0,3001,134,150,14000,1,18000,1,0,1,34000,2,1,34500,0,1,10003,3
0,3001,70,150,14000,1,18000,1,0,1,34000,2,1,34500,0,1,10002,1
0,3001,70,150,14000,1,18000,1,0,1,34000,2,1,34500,0,1,10004,1
0,3001,262,150,14000,1,18000,1,0,1,34000,2,1,34500,0,1,50001,7
0,3001,134,150,14000,1,18000,1,0,1,34000,2,1,34500,0,1,30001,3
0,3001,230,150,14000,1,18000,1,0,1,34000,2,1,34500,0,1,40001,6
0,3001,70,151,14000,1,18000,1,0,1,34000,2,1,34500,0,1,10005,1
0,3001,102,151,14000,1,18000,1,0,1,34000,2,1,34500,0,1,10003,2
0,3001,102,151,14000,1,18000,1,0,1,34000,2,1,34500,0,1,10002,2
0,3001,70,151,14000,1,18000,1,0,1,34000,2,1,34500,0,1,10004,1
0,3001,262,151,14000,1,18000,1,0,1,34000,2,1,34500,0,1,50001,7
0,3001,134,151,14000,1,18000,1,0,1,34000,2,1,34500,0,1,30001,3
0,3001,198,151,14000,1,18000,1,0,1,34000,2,1,34500,0,1,40001,5
0,3001,70,152,14000,1,18000,1,0,1,34000,2,1,34500,0,1,10005,1
0,3001,102,152,14000,1,18000,1,0,1,34000,2,1,34500,0,1,10003,2
0,3001,102,152,14000,1,18000,1,0,1,34000,2,1,34500,0,1,10002,2
0,3001,70,152,14000,1,18000,1,0,1,34000,2,1,34500,0,1,10004,1
0,3001,262,152,14000,1,18000,1,0,1,34000,2,1,34500,0,1,50001,7
0,3001,134,152,14000,1,18000,1,0,1,34000,2,1,34500,0,1,30001,3
0,3001,198,152,14000,1,18000,1,0,1,34000,2,1,34500,0,1,40001,5
0,3001,70,153,14000,1,18000,1,0,1,34000,2,1,34500,0,1,10005,1
0,3001,102,153,14000,1,18000,1,0,1,34000,2,1,34500,0,1,10003,2
0,3001,134,153,14000,1,18000,1,0,1,34000,2,1,34500,0,1,10002,3
0,3001,70,153,14000,1,18000,1,0,1,34000,2,1,34500,0,1,10004,1
0,3001,262,153,14000,1,18000,1,0,1,34000,2,1,34500,0,1,50001,7
0,3001,134,153,14000,1,18000,1,0,1,34000,2,1,34500,0,1,30001,3
0,3001,166,153,14000,1,18000,1,0,1,34000,2,1,34500,0,1,40001,4
0,3001,70,154,14000,1,18000,1,0,1,34000,2,1,34500,0,1,10005,1
0,3001,102,154,14000,1,18000,1,0,1,34000,2,1,34500,0,1,10003,2
0,3001,166,154,14000,1,18000,1,0,1,34000,2,1,34500,0,1,10002,4
0,3001,70,154,14000,1,18000,1,0,1,34000,2,1,34500,0,1,10004,1
0,3001,262,154,14000,1,18000,1,0,1,34000,2,1,34500,0,1,50001,7
0,3001,134,154,14000,1,18000,1,0,1,34000,2,1,34500,0,1,30001,3
0,3001,134,154,14000,1,18000,1,0,1,34000,2,1,34500,0,1,40001,3
0,3001,102,155,14000,1,18000,1,0,1,34000,2,1,34500,0,1,10005,2
0,3001,166,155,14000,1,18000,1,0,1,34000,2,1,34500,0,1,10002,4
0,3001,70,155,14000,1,18000,1,0,1,34000,2,1,34500,0,1,10004,1
0,3001,262,155,14000,1,18000,1,0,1,34000,2,1,34500,0,1,50001,7
0,3001,134,155,14000,1,18000,1,0,1,34000,2,1,34500,0,1,30001,3
0,3001,102,155,14000,1,18000,1,0,1,34000,2,1,34500,0,1,40001,2
0,3001,70,156,14000,1,18000,1,0,1,34000,2,1,34500,0,1,10005,1
0,3001,166,156,14000,1,18000,1,0,1,34000,2,1,34500,0,1,10002,4
0,3001,70,156,14000,1,18000,1,0,1,34000,2,1,34500,0,1,10004,1
0,3001,262,156,14000,1,18000,1,0,1,34000,2,1,34500,0,1,50001,7
0,3001,134,156,14000,1,18000,1,0,1,34000,2,1,34500,0,1,30001,3
0,3001,102,156,14000,1,18000,1,0,1,34000,2,1,34500,0,1,40001,2
0,3001,70,157,14000,1,18000,1,0,1,34000,2,1,34500,0,1,10005,1
0,3001,166,157,14000,1,18000,1,0,1,34000,2,1,34500,0,1,10002,4
0,3001,70,157,14000,1,18000,1,0,1,34000,2,1,34500,0,1,10004,1
0,3001,262,157,14000,1,18000,1,0,1,34000,2,1,34500,0,1,50001,7
0,3001,134,157,14000,1,18000,1,0,1,34000,2,1,34500,0,1,30001,3
0,3001,102,157,14000,1,18000,1,0,1,34000,2,1,34500,0,1,40001,2
0,3001,70,158,14000,1,18000,1,0,1,34000,2,1,34500,0,1,10005,1
0,3001,166,158,14000,1,18000,1,0,1,34000,2,1,34500,0,1,10002,4
0,3001,70,158,14000,1,18000,1,0,1,34000,2,1,34500,0,1,10004,1
0,3001,262,158,14000,1,18000,1,0,1,34000,2,1,34500,0,1,50001,7
0,3001,134,158,14000,1,18000,1,0,1,34000,2,1,34500,0,1,30001,3
0,3001,134,158,14000,1,18000,1,0,1,34000,2,1,34500,0,1,40001,3
0,3001,70,159,14000,1,18000,1,0,1,34000,2,1,34500,0,1,10005,1
0,3001,166,159,14000,1,18000,1,0,1,34000,2,1,34500,0,1,10002,4
0,3001,70,159,14000,1,18000,1,0,1,34000,2,1,34500,0,1,10004,1
0,3001,262,159,14000,1,18000,1,0,1,34000,2,1,34500,0,1,50001,7
0,3001,134,159,14000,1,18000,1,0,1,34000,2,1,34500,0,1,30001,3
0,3001,134,159,14000,1,18000,1,0,1,34000,2,1,34500,0,1,40001,3
0,3001,70,160,14000,1,18000,1,0,1,34000,2,1,34500,0,1,10005,1
0,3001,102,160,14000,1,18000,1,0,1,34000,2,1,34500,0,1,10002,2
0,3001,294,160,14000,1,18000,1,0,1,34000,2,1,34500,0,1,50001,8
0,3001,166,160,14000,1,18000,1,0,1,34000,2,1,34500,0,1,30001,4
0,3001,134,160,14000,1,18000,1,0,1,34000,2,1,34500,0,1,40001,3
0,3001,70,161,14000,1,18000,1,0,1,34000,2,1,34500,0,1,10005,1
0,3001,102,161,14000,1,18000,1,0,1,34000,2,1,34500,0,1,10002,2
0,3001,294,161,14000,1,18000,1,0,1,34000,2,1,34500,0,1,50001,8
0,3001,166,161,14000,1,18000,1,0,1,34000,2,1,34500,0,1,30001,4
0,3001,134,161,14000,1,18000,1,0,1,34000,2,1,34500,0,1,40001,3
0,3001,70,162,14000,1,18000,1,0,1,34000,2,1,34500,0,1,10005,1
0,3001,102,162,14000,1,18000,1,0,1,34000,2,1,34500,0,1,10002,2
0,3001,294,162,14000,1,18000,1,0,1,34000,2,1,34500,0,1,50001,8
0,3001,166,162,14000,1,18000,1,0,1,34000,2,1,34500,0,1,30001,4
0,3001,134,162,14000,1,18000,1,0,1,34000,2,1,34500,0,1,40001,3
0,3001,70,163,14000,1,18000,1,0,1,34000,2,1,34500,0,1,10002,1
0,3001,294,163,14000,1,18000,1,0,1,34000,2,1,34500,0,1,50001,8
0,3001,166,163,14000,1,18000,1,0,1,34000,2,1,34500,0,1,30001,4
0,3001,134,163,14000,1,18000,1,0,1,34000,2,1,34500,0,1,40001,3
0,3001,70,164,14000,1,18000,1,0,1,34000,2,1,34500,0,1,10002,1
0,3001,294,164,14000,1,18000,1,0,1,34000,2,1,34500,0,1,50001,8
0,3001,166,164,14000,1,18000,1,0,1,34000,2,1,34500,0,1,30001,4
0,3001,134,164,14000,1,18000,1,0,1,34000,2,1,34500,0,1,40001,3
0,3001,294,165,14000,1,18000,1,0,1,34000,2,1,34500,0,1,50001,8
0,3001,166,165,14000,1,18000,1,0,1,34000,2,1,34500,0,1,30001,4
0,3001,166,165,14000,1,18000,1,0,1,34000,2,1,34500,0,1,40001,4
0,3001,294,166,14000,1,18000,1,0,1,34000,2,1,34500,0,1,50001,8
0,3001,166,166,14000,1,18000,1,0,1,34000,2,1,34500,0,1,30001,4
0,3001,166,166,14000,1,18000,1,0,1,34000,2,1,34500,0,1,40001,4
0,3001,294,167,14000,1,18000,1,0,1,34000,2,1,34500,0,1,50001,8
0,3001,166,167,14000,1,18000,1,0,1,34000,2,1,34500,0,1,30001,4
0,3001,166,167,14000,1,18000,1,0,1,34000,2,1,34500,0,1,40001,4
0,3001,294,168,14000,1,18000,1,0,1,34000,2,1,34500,0,1,50001,8
0,3001,166,168,14000,1,18000,1,0,1,34000,2,1,34500,0,1,30001,4
0,3001,166,168,14000,1,18000,1,0,1,34000,2,1,34500,0,1,40001,4
0,3001,294,169,14000,1,18000,1,0,1,34000,2,1,34500,0,1,50001,8
0,3001,166,169,14000,1,18000,1,0,1,34000,2,1,34500,0,1,30001,4
0,3001,166,169,14000,1,18000,1,0,1,34000,2,1,34500,0,1,40001,4
0,3001,70,170,14000,1,18000,1,0,1,34000,2,1,34500,0,1,10002,1
0,3001,294,170,14000,1,18000,1,0,1,34000,2,1,34500,0,1,50001,8
0,3001,166,170,14000,1,18000,1,0,1,34000,2,1,34500,0,1,30001,4
0,3001,166,170,14000,1,18000,1,0,1,34000,2,1,34500,0,1,40001,4
0,3001,70,171,14000,1,18000,1,0,1,34000,2,1,34500,0,1,10002,1
0,3001,294,171,14000,1,18000,1,0,1,34000,2,1,34500,0,1,50001,8
0,3001,166,171,14000,1,18000,1,0,1,34000,2,1,34500,0,1,30001,4
0,3001,166,171,14000,1,18000,1,0,1,34000,2,1,34500,0,1,40001,4
0,3001,70,172,14000,1,18000,1,0,1,34000,2,1,34500,0,1,10002,1
0,3001,294,172,14000,1,18000,1,0,1,34000,2,1,34500,0,1,50001,8
0,3001,166,172,14000,1,18000,1,0,1,34000,2,1,34500,0,1,30001,4
0,3001,166,172,14000,1,18000,1,0,1,34000,2,1,34500,0,1,40001,4
0,3001,70,173,14000,1,18000,1,0,1,34000,2,1,34500,0,1,10005,1
0,3001,70,173,14000,1,18000,1,0,1,34000,2,1,34500,0,1,10002,1
0,3001,294,173,14000,1,18000,1,0,1,34000,2,1,34500,0,1,50001,8
0,3001,166,173,14000,1,18000,1,0,1,34000,2,1,34500,0,1,30001,4
0,3001,166,173,14000,1,18000,1,0,1,34000,2,1,34500,0,1,40001,4
0,3001,70,174,14000,1,18000,1,0,1,34000,2,1,34500,0,1,10005,1
0,3001,70,174,14000,1,18000,1,0,1,34000,2,1,34500,0,1,10002,1
0,3001,294,174,14000,1,18000,1,0,1,34000,2,1,34500,0,1,50001,8
0,3001,166,174,14000,1,18000,1,0,1,34000,2,1,34500,0,1,30001,4
0,3001,166,174,14000,1,18000,1,0,1,34000,2,1,34500,0,1,40001,4
0,3001,70,175,14000,1,18000,1,0,1,34000,2,1,34500,0,1,10005,1
0,3001,70,175,14000,1,18000,1,0,1,34000,2,1,34500,0,1,10002,1
0,3001,294,175,14000,1,18000,1,0,1,34000,2,1,34500,0,1,50001,8
0,3001,166,175,14000,1,18000,1,0,1,34000,2,1,34500,0,1,30001,4
0,3001,166,175,14000,1,18000,1,0,1,34000,2,1,34500,0,1,40001,4
0,3001,70,176,14000,1,18000,1,0,1,34000,2,1,34500,0,1,10005,1
0,3001,70,176,14000,1,18000,1,0,1,34000,2,1,34500,0,1,10002,1
0,3001,294,176,14000,1,18000,1,0,1,34000,2,1,34500,0,1,50001,8
0,3001,166,176,14000,1,18000,1,0,1,34000,2,1,34500,0,1,30001,4
0,3001,166,176,14000,1,18000,1,0,1,34000,2,1,34500,0,1,40001,4
0,3001,70,177,14000,1,18000,1,0,1,34000,2,1,34500,0,1,10005,1
0,3001,70,177,14000,1,18000,1,0,1,34000,2,1,34500,0,1,10002,1
0,3001,294,177,14000,1,18000,1,0,1,34000,2,1,34500,0,1,50001,8
0,3001,166,177,14000,1,18000,1,0,1,34000,2,1,34500,0,1,30001,4
0,3001,166,177,14000,1,18000,1,0,1,34000,2,1,34500,0,1,40001,4
0,3001,70,178,14000,1,18000,1,0,1,34000,2,1,34500,0,1,10005,1
0,3001,70,178,14000,1,18000,1,0,1,34000,2,1,34500,0,1,10002,1
0,3001,294,178,14000,1,18000,1,0,1,34000,2,1,34500,0,1,50001,8
0,3001,166,178,14000,1,18000,1,0,1,34000,2,1,34500,0,1,30001,4
0,3001,166,178,14000,1,18000,1,0,1,34000,2,1,34500,0,1,40001,4
0,3001,70,179,14000,1,18000,1,0,1,34000,2,1,34500,0,1,10005,1
0,3001,70,179,14000,1,18000,1,0,1,34000,2,1,34500,0,1,10002,1
0,3001,294,179,14000,1,18000,1,0,1,34000,2,1,34500,0,1,50001,8
0,3001,166,179,14000,1,18000,1,0,1,34000,2,1,34500,0,1,30001,4
0,3001,166,179,14000,1,18000,1,0,1,34000,2,1,34500,0,1,40001,4
0,3001,70,180,14000,1,18000,1,0,1,34000,2,1,34500,0,1,10005,1
0,3001,70,180,14000,1,18000,1,0,1,34000,2,1,34500,0,1,10002,1
0,3001,326,180,14000,1,18000,1,0,1,34000,2,1,34500,0,1,50001,9
0,3001,70,180,14000,1,18000,1,0,1,34000,2,1,34500,0,1,20001,1
0,3001,198,180,14000,1,18000,1,0,1,34000,2,1,34500,0,1,30001,5
0,3001,198,180,14000,1,18000,1,0,1,34000,2,1,34500,0,1,40001,5
0,3001,326,181,14000,1,18000,1,0,1,34000,2,1,34500,0,1,50001,9
0,3001,70,181,14000,1,18000,1,0,1,34000,2,1,34500,0,1,20001,1
0,3001,198,181,14000,1,18000,1,0,1,34000,2,1,34500,0,1,30001,5
0,3001,198,181,14000,1,18000,1,0,1,34000,2,1,34500,0,1,40001,5
0,3001,326,182,14000,1,18000,1,0,1,34000,2,1,34500,0,1,50001,9
0,3001,70,182,14000,1,18000,1,0,1,34000,2,1,34500,0,1,20001,1
0,3001,198,182,14000,1,18000,1,0,1,34000,2,1,34500,0,1,30001,5
0,3001,198,182,14000,1,18000,1,0,1,34000,2,1,34500,0,1,40001,5
0,3001,326,183,14000,1,18000,1,0,1,34000,2,1,34500,0,1,50001,9
0,3001,70,183,14000,1,18000,1,0,1,34000,2,1,34500,0,1,20001,1
0,3001,198,183,14000,1,18000,1,0,1,34000,2,1,34500,0,1,30001,5
0,3001,198,183,14000,1,18000,1,0,1,34000,2,1,34500,0,1,40001,5
0,3001,326,184,14000,1,18000,1,0,1,34000,2,1,34500,0,1,50001,9
0,3001,70,184,14000,1,18000,1,0,1,34000,2,1,34500,0,1,20001,1
0,3001,198,184,14000,1,18000,1,0,1,34000,2,1,34500,0,1,30001,5
0,3001,198,184,14000,1,18000,1,0,1,34000,2,1,34500,0,1,40001,5
0,3001,326,185,14000,1,18000,1,0,1,34000,2,1,34500,0,1,50001,9
0,3001,70,185,14000,1,18000,1,0,1,34000,2,1,34500,0,1,20001,1
0,3001,198,185,14000,1,18000,1,0,1,34000,2,1,34500,0,1,30001,5
0,3001,198,185,14000,1,18000,1,0,1,34000,2,1,34500,0,1,40001,5
0,3001,326,186,14000,1,18000,1,0,1,34000,2,1,34500,0,1,50001,9
0,3001,70,186,14000,1,18000,1,0,1,34000,2,1,34500,0,1,20001,1
0,3001,198,186,14000,1,18000,1,0,1,34000,2,1,34500,0,1,30001,5
0,3001,198,186,14000,1,18000,1,0,1,34000,2,1,34500,0,1,40001,5
0,3001,326,187,14000,1,18000,1,0,1,34000,2,1,34500,0,1,50001,9
0,3001,70,187,14000,1,18000,1,0,1,34000,2,1,34500,0,1,20001,1
0,3001,198,187,14000,1,18000,1,0,1,34000,2,1,34500,0,1,30001,5
0,3001,230,187,14000,1,18000,1,0,1,34000,2,1,34500,0,1,40001,6
0,3001,326,188,14000,1,18000,1,0,1,34000,2,1,34500,0,1,50001,9
0,3001,70,188,14000,1,18000,1,0,1,34000,2,1,34500,0,1,20001,1
0,3001,198,188,14000,1,18000,1,0,1,34000,2,1,34500,0,1,30001,5
0,3001,230,188,14000,1,18000,1,0,1,34000,2,1,34500,0,1,40001,6
0,3001,358,189,14000,1,18000,1,0,1,34000,2,1,34500,0,1,50001,10
0,3001,70,189,14000,1,18000,1,0,1,34000,2,1,34500,0,1,20001,1
0,3001,198,189,14000,1,18000,1,0,1,34000,2,1,34500,0,1,30001,5
0,3001,230,189,14000,1,18000,1,0,1,34000,2,1,34500,0,1,40001,6
0,3001,358,190,14000,1,18000,1,0,1,34000,2,1,34500,0,1,50001,10
0,3001,70,190,14000,1,18000,1,0,1,34000,2,1,34500,0,1,20001,1
0,3001,198,190,14000,1,18000,1,0,1,34000,2,1,34500,0,1,30001,5
0,3001,230,190,14000,1,18000,1,0,1,34000,2,1,34500,0,1,40001,6
0,3001,358,191,14000,1,18000,1,0,1,34000,2,1,34500,0,1,50001,10
0,3001,70,191,14000,1,18000,1,0,1,34000,2,1,34500,0,1,20001,1
0,3001,198,191,14000,1,18000,1,0,1,34000,2,1,34500,0,1,30001,5
0,3001,230,191,14000,1,18000,1,0,1,34000,2,1,34500,0,1,40001,6
0,3001,358,192,14000,1,18000,1,0,1,34000,2,1,34500,0,1,50001,10
0,3001,70,192,14000,1,18000,1,0,1,34000,2,1,34500,0,1,20001,1
0,3001,198,192,14000,1,18000,1,0,1,34000,2,1,34500,0,1,30001,5
0,3001,230,192,14000,1,18000,1,0,1,34000,2,1,34500,0,1,40001,6
0,3001,358,193,14000,1,18000,1,0,1,34000,2,1,34500,0,1,50001,10
0,3001,70,193,14000,1,18000,1,0,1,34000,2,1,34500,0,1,20001,1
0,3001,198,193,14000,1,18000,1,0,1,34000,2,1,34500,0,1,30001,5
0,3001,230,193,14000,1,18000,1,0,1,34000,2,1,34500,0,1,40001,6
0,3001,358,194,14000,1,18000,1,0,1,34000,2,1,34500,0,1,50001,10
0,3001,70,194,14000,1,18000,1,0,1,34000,2,1,34500,0,1,20001,1
0,3001,198,194,14000,1,18000,1,0,1,34000,2,1,34500,0,1,30001,5
0,3001,262,194,14000,1,18000,1,0,1,34000,2,1,34500,0,1,40001,7
0,3001,358,195,14000,1,18000,1,0,1,34000,2,1,34500,0,1,50001,10
0,3001,70,195,14000,1,18000,1,0,1,34000,2,1,34500,0,1,20001,1
0,3001,230,195,14000,1,18000,1,0,1,34000,2,1,34500,0,1,30001,6
0,3001,262,195,14000,1,18000,1,0,1,34000,2,1,34500,0,1,40001,7
0,3001,358,196,14000,1,18000,1,0,1,34000,2,1,34500,0,1,50001,10
0,3001,70,196,14000,1,18000,1,0,1,34000,2,1,34500,0,1,20001,1
0,3001,230,196,14000,1,18000,1,0,1,34000,2,1,34500,0,1,30001,6
0,3001,262,196,14000,1,18000,1,0,1,34000,2,1,34500,0,1,40001,7
0,3001,358,197,14000,1,18000,1,0,1,34000,2,1,34500,0,1,50001,10
0,3001,70,197,14000,1,18000,1,0,1,34000,2,1,34500,0,1,20001,1
0,3001,230,197,14000,1,18000,1,0,1,34000,2,1,34500,0,1,30001,6
0,3001,262,197,14000,1,18000,1,0,1,34000,2,1,34500,0,1,40001,7
0,3001,390,198,14000,1,18000,1,0,1,34000,2,1,34500,0,1,50001,11
0,3001,70,198,14000,1,18000,1,0,1,34000,2,1,34500,0,1,20001,1
0,3001,230,198,14000,1,18000,1,0,1,34000,2,1,34500,0,1,30001,6
0,3001,262,198,14000,1,18000,1,0,1,34000,2,1,34500,0,1,40001,7
0,3001,70,199,14000,1,18000,1,0,1,34000,2,1,34500,0,1,10002,1
0,3001,358,199,14000,1,18000,1,0,1,34000,2,1,34500,0,1,50001,10
0,3001,70,199,14000,1,18000,1,0,1,34000,2,1,34500,0,1,20001,1
0,3001,230,199,14000,1,18000,1,0,1,34000,2,1,34500,0,1,30001,6
0,3001,262,199,14000,1,18000,1,0,1,34000,2,1,34500,0,1,40001,7
0,3001,70,200,14000,1,18000,1,0,1,34000,2,1,34500,0,1,10002,1
0,3001,358,200,14000,1,18000,1,0,1,34000,2,1,34500,0,1,50001,10
0,3001,70,200,14000,1,18000,1,0,1,34000,2,1,34500,0,1,20001,1
0,3001,230,200,14000,1,18000,1,0,1,34000,2,1,34500,0,1,30001,6
0,3001,262,200,14000,1,18000,1,0,1,34000,2,1,34500,0,1,40001,7
0,3001,102,201,14000,1,18000,1,0,1,34000,2,1,34500,0,1,10002,2
0,3001,358,201,14000,1,18000,1,0,1,34000,2,1,34500,0,1,50001,10
0,3001,70,201,14000,1,18000,1,0,1,34000,2,1,34500,0,1,20001,1
0,3001,198,201,14000,1,18000,1,0,1,34000,2,1,34500,0,1,30001,5
0,3001,294,201,14000,1,18000,1,0,1,34000,2,1,34500,0,1,40001,8
0,3001,102,202,14000,1,18000,1,0,1,34000,2,1,34500,0,1,10002,2
0,3001,102,202,14000,1,18000,1,0,1,34000,2,1,34500,0,1,10004,2
0,3001,294,202,14000,1,18000,1,0,1,34000,2,1,34500,0,1,50001,8
0,3001,70,202,14000,1,18000,1,0,1,34000,2,1,34500,0,1,20001,1
0,3001,198,202,14000,1,18000,1,0,1,34000,2,1,34500,0,1,30001,5
0,3001,294,202,14000,1,18000,1,0,1,34000,2,1,34500,0,1,40001,8
0,3001,102,203,14000,1,18000,1,0,1,34000,2,1,34500,0,1,10002,2
0,3001,102,203,14000,1,18000,1,0,1,34000,2,1,34500,0,1,10004,2
0,3001,294,203,14000,1,18000,1,0,1,34000,2,1,34500,0,1,50001,8
0,3001,70,203,14000,1,18000,1,0,1,34000,2,1,34500,0,1,20001,1
0,3001,198,203,14000,1,18000,1,0,1,34000,2,1,34500,0,1,30001,5
0,3001,294,203,14000,1,18000,1,0,1,34000,2,1,34500,0,1,40001,8
0,3001,134,204,14000,1,18000,1,0,1,34000,2,1,34500,0,1,10002,3
0,3001,134,204,14000,1,18000,1,0,1,34000,2,1,34500,0,1,10004,3
0,3001,262,204,14000,1,18000,1,0,1,34000,2,1,34500,0,1,50001,7
0,3001,70,204,14000,1,18000,1,0,1,34000,2,1,34500,0,1,20001,1
0,3001,166,204,14000,1,18000,1,0,1,34000,2,1,34500,0,1,30001,4
0,3001,294,204,14000,1,18000,1,0,1,34000,2,1,34500,0,1,40001,8
0,3001,134,205,14000,1,18000,1,0,1,34000,2,1,34500,0,1,10002,3
0,3001,134,205,14000,1,18000,1,0,1,34000,2,1,34500,0,1,10004,3
0,3001,262,205,14000,1,18000,1,0,1,34000,2,1,34500,0,1,50001,7
0,3001,70,205,14000,1,18000,1,0,1,34000,2,1,34500,0,1,20001,1
0,3001,166,205,14000,1,18000,1,0,1,34000,2,1,34500,0,1,30001,4
0,3001,294,205,14000,1,18000,1,0,1,34000,2,1,34500,0,1,40001,8
0,3001,134,206,14000,1,18000,1,0,1,34000,2,1,34500,0,1,10002,3
0,3001,134,206,14000,1,18000,1,0,1,34000,2,1,34500,0,1,10004,3
0,3001,294,206,14000,1,18000,1,0,1,34000,2,1,34500,0,1,50001,8
0,3001,70,206,14000,1,18000,1,0,1,34000,2,1,34500,0,1,20001,1
0,3001,166,206,14000,1,18000,1,0,1,34000,2,1,34500,0,1,30001,4
0,3001,294,206,14000,1,18000,1,0,1,34000,2,1,34500,0,1,40001,8
0,3001,70,207,14000,1,18000,1,0,1,34000,2,1,34500,0,1,10005,1
0,3001,134,207,14000,1,18000,1,0,1,34000,2,1,34500,0,1,10002,3
0,3001,134,207,14000,1,18000,1,0,1,34000,2,1,34500,0,1,10004,3
0,3001,294,207,14000,1,18000,1,0,1,34000,2,1,34500,0,1,50001,8
0,3001,70,207,14000,1,18000,1,0,1,34000,2,1,34500,0,1,20001,1
0,3001,166,207,14000,1,18000,1,0,1,34000,2,1,34500,0,1,30001,4
0,3001,294,207,14000,1,18000,1,0,1,34000,2,1,34500,0,1,40001,8
0,3001,70,208,14000,1,18000,1,0,1,34000,2,1,34500,0,1,10005,1
0,3001,134,208,14000,1,18000,1,0,1,34000,2,1,34500,0,1,10002,3
0,3001,134,208,14000,1,18000,1,0,1,34000,2,1,34500,0,1,10004,3
0,3001,294,208,14000,1,18000,1,0,1,34000,2,1,34500,0,1,50001,8
0,3001,70,208,14000,1,18000,1,0,1,34000,2,1,34500,0,1,20001,1
0,3001,166,208,14000,1,18000,1,0,1,34000,2,1,34500,0,1,30001,4
0,3001,294,208,14000,1,18000,1,0,1,34000,2,1,34500,0,1,40001,8
0,3001,70,209,14000,1,18000,1,0,1,34000,2,1,34500,0,1,10005,1
0,3001,102,209,14000,1,18000,1,0,1,34000,2,1,34500,0,1,10002,2
0,3001,134,209,14000,1,18000,1,0,1,34000,2,1,34500,0,1,10004,3
0,3001,294,209,14000,1,18000,1,0,1,34000,2,1,34500,0,1,50001,8
0,3001,70,209,14000,1,18000,1,0,1,34000,2,1,34500,0,1,20001,1
0,3001,166,209,14000,1,18000,1,0,1,34000,2,1,34500,0,1,30001,4
0,3001,294,209,14000,1,18000,1,0,1,34000,2,1,34500,0,1,40001,8
0,3001,70,210,14000,1,18000,1,0,1,34000,2,1,34500,0,1,10005,1
0,3001,134,210,14000,1,18000,1,0,1,34000,2,1,34500,0,1,10002,3
0,3001,134,210,14000,1,18000,1,0,1,34000,2,1,34500,0,1,10004,3
0,3001,262,210,14000,1,18000,1,0,1,34000,2,1,34500,0,1,50001,7
0,3001,102,210,14000,1,18000,1,0,1,34000,2,1,34500,0,1,20001,2
0,3001,198,210,14000,1,18000,1,0,1,34000,2,1,34500,0,1,30001,5
0,3001,294,210,14000,1,18000,1,0,1,34000,2,1,34500,0,1,40001,8
0,3001,70,211,14000,1,18000,1,0,1,34000,2,1,34500,0,1,10005,1
0,3001,70,211,14000,1,18000,1,0,1,34000,2,1,34500,0,1,10003,1
0,3001,102,211,14000,1,18000,1,0,1,34000,2,1,34500,0,1,10002,2
0,3001,102,211,14000,1,18000,1,0,1,34000,2,1,34500,0,1,10004,2
0,3001,230,211,14000,1,18000,1,0,1,34000,2,1,34500,0,1,50001,6
0,3001,102,211,14000,1,18000,1,0,1,34000,2,1,34500,0,1,20001,2
0,3001,198,211,14000,1,18000,1,0,1,34000,2,1,34500,0,1,30001,5
0,3001,294,211,14000,1,18000,1,0,1,34000,2,1,34500,0,1,40001,8
0,3001,70,212,14000,1,18000,1,0,1,34000,2,1,34500,0,1,10005,1
0,3001,70,212,14000,1,18000,1,0,1,34000,2,1,34500,0,1,10003,1
0,3001,102,212,14000,1,18000,1,0,1,34000,2,1,34500,0,1,10002,2
0,3001,70,212,14000,1,18000,1,0,1,34000,2,1,34500,0,1,10004,1
0,3001,230,212,14000,1,18000,1,0,1,34000,2,1,34500,0,1,50001,6
0,3001,102,212,14000,1,18000,1,0,1,34000,2,1,34500,0,1,20001,2
0,3001,198,212,14000,1,18000,1,0,1,34000,2,1,34500,0,1,30001,5
0,3001,294,212,14000,1,18000,1,0,1,34000,2,1,34500,0,1,40001,8
0,3001,134,213,14000,1,18000,1,0,1,34000,2,1,34500,0,1,10005,3
0,3001,70,213,14000,1,18000,1,0,1,34000,2,1,34500,0,1,10003,1
0,3001,102,213,14000,1,18000,1,0,1,34000,2,1,34500,0,1,10002,2
0,3001,230,213,14000,1,18000,1,0,1,34000,2,1,34500,0,1,50001,6
0,3001,102,213,14000,1,18000,1,0,1,34000,2,1,34500,0,1,20001,2
0,3001,134,213,14000,1,18000,1,0,1,34000,2,1,34500,0,1,30001,3
0,3001,294,213,14000,1,18000,1,0,1,34000,2,1,34500,0,1,40001,8
0,3001,134,214,14000,1,18000,1,0,1,34000,2,1,34500,0,1,10005,3
0,3001,70,214,14000,1,18000,1,0,1,34000,2,1,34500,0,1,10003,1
0,3001,102,214,14000,1,18000,1,0,1,34000,2,1,34500,0,1,10002,2
0,3001,230,214,14000,1,18000,1,0,1,34000,2,1,34500,0,1,50001,6
0,3001,102,214,14000,1,18000,1,0,1,34000,2,1,34500,0,1,20001,2
0,3001,134,214,14000,1,18000,1,0,1,34000,2,1,34500,0,1,30001,3
0,3001,326,214,14000,1,18000,1,0,1,34000,2,1,34500,0,1,40001,9
0,3001,134,215,14000,1,18000,1,0,1,34000,2,1,34500,0,1,10005,3
0,3001,102,215,14000,1,18000,1,0,1,34000,2,1,34500,0,1,10003,2
0,3001,70,215,14000,1,18000,1,0,1,34000,2,1,34500,0,1,10002,1
0,3001,230,215,14000,1,18000,1,0,1,34000,2,1,34500,0,1,50001,6
0,3001,102,215,14000,1,18000,1,0,1,34000,2,1,34500,0,1,20001,2
0,3001,134,215,14000,1,18000,1,0,1,34000,2,1,34500,0,1,30001,3
0,3001,326,215,14000,1,18000,1,0,1,34000,2,1,34500,0,1,40001,9
0,3001,134,216,14000,1,18000,1,0,1,34000,2,1,34500,0,1,10005,3
0,3001,102,216,14000,1,18000,1,0,1,34000,2,1,34500,0,1,10003,2
0,3001,70,216,14000,1,18000,1,0,1,34000,2,1,34500,0,1,10002,1
0,3001,70,216,14000,1,18000,1,0,1,34000,2,1,34500,0,1,10004,1
0,3001,230,216,14000,1,18000,1,0,1,34000,2,1,34500,0,1,50001,6
0,3001,102,216,14000,1,18000,1,0,1,34000,2,1,34500,0,1,20001,2
0,3001,102,216,14000,1,18000,1,0,1,34000,2,1,34500,0,1,30001,2
0,3001,326,216,14000,1,18000,1,0,1,34000,2,1,34500,0,1,40001,9
0,3001,102,217,14000,1,18000,1,0,1,34000,2,1,34500,0,1,10005,2
0,3001,134,217,14000,1,18000,1,0,1,34000,2,1,34500,0,1,10003,3
0,3001,102,217,14000,1,18000,1,0,1,34000,2,1,34500,0,1,10002,2
0,3001,70,217,14000,1,18000,1,0,1,34000,2,1,34500,0,1,10004,1
0,3001,166,217,14000,1,18000,1,0,1,34000,2,1,34500,0,1,50001,4
0,3001,102,217,14000,1,18000,1,0,1,34000,2,1,34500,0,1,20001,2
